,Date,Time,Raw_Time,Latitude,Longitude,Altitude,Sats,Sat_Speed,Precision
0,160220,11:05:24,10052400,48.220490000000005,16.374988000000002,170.0,4,2.1113,4.46
1,160220,11:05:46,10054600,48.220490000000005,16.374988000000002,170.0,4,2.1113,4.46
2,160220,11:27:56,10275600,48.220273,16.375313000000002,164.1,3,10.223,20.53
3,160220,11:27:59,10275900,48.220554,16.375062,163.0,4,1.6112,1.82
4,160220,11:28:02,10280200,48.220545,16.375076,161.6,5,0.2037,1.82
5,160220,11:28:05,10280500,48.220561,16.375045,162.0,5,0.9075,1.48
6,160220,11:28:08,10280800,48.220559,16.375035,162.8,5,0.0741,1.48
7,160220,11:28:11,10281100,48.220558000000004,16.375025,163.8,5,0.1111,1.48
8,160220,11:28:14,10281400,48.220552000000005,16.375024,162.2,5,0.0185,1.48
9,160220,11:28:17,10281700,48.220548,16.375028,162.4,5,0.3519,1.48
10,160220,11:28:20,10282000,48.220542,16.375031,163.4,5,1.3705,1.48
11,160220,11:28:41,10284100,48.220591999999996,16.374925,159.6,5,3.5558,1.83
12,160220,11:28:44,10284400,48.220578,16.374956,157.9,5,0.4815,1.83
13,160220,11:28:47,10284700,48.22058,16.374963,158.7,4,0.463,1.83
14,160220,11:28:50,10285000,48.220585,16.374957000000002,158.6,4,0.5741,1.83
15,160220,11:28:53,10285300,48.22059,16.374948999999997,158.6,4,1.2594,1.83
16,160220,11:28:56,10285600,48.220595,16.374941,158.4,4,1.2408,1.83
17,160220,11:28:59,10285900,48.220597999999995,16.374935999999998,158.4,4,0.6667,1.83
18,160220,11:29:32,10293200,48.22058,16.374964000000002,157.4,5,0.0741,1.49
19,160220,11:29:32,10293200,48.22058,16.374964000000002,157.4,5,0.0741,1.49
20,160220,11:29:41,10294100,48.220581,16.374962,158.7,4,0.2963,1.83
21,160220,11:29:41,10294100,48.220581,16.374962,158.7,4,0.2963,1.83
22,160220,11:29:41,10294100,48.220581,16.374962,158.7,4,0.2963,1.83
23,160220,11:29:41,10294100,48.220581,16.374962,158.7,4,0.2963,1.83
24,160220,11:29:41,10294100,48.220581,16.374962,158.7,4,0.2963,1.83
25,160220,11:29:41,10294100,48.220581,16.374962,158.7,4,0.2963,1.83
26,160220,11:29:41,10294100,48.220581,16.374962,158.7,4,0.2963,1.83
27,160220,11:29:41,10294100,48.220581,16.374962,158.7,4,0.2963,1.83
28,160220,11:29:41,10294100,48.220581,16.374962,158.7,4,0.2963,1.83
29,160220,11:29:41,10294100,48.220581,16.374962,158.7,4,0.2963,1.83
30,160220,11:29:41,10294100,48.220581,16.374962,158.7,4,0.2963,1.83
31,160220,11:29:41,10294100,48.220581,16.374962,158.7,4,0.2963,1.83
32,160220,11:29:41,10294100,48.220581,16.374962,158.7,4,0.2963,1.83
33,160220,11:29:41,10294100,48.220581,16.374962,158.7,4,0.2963,1.83
34,160220,11:29:41,10294100,48.220581,16.374962,158.7,4,0.2963,1.83
35,160220,11:29:41,10294100,48.220581,16.374962,158.7,4,0.2963,1.83
36,160220,11:29:41,10294100,48.220581,16.374962,158.7,4,0.2963,1.83
37,160220,11:29:41,10294100,48.220581,16.374962,158.7,4,0.2963,1.83
38,160220,11:29:41,10294100,48.220581,16.374962,158.7,4,0.2963,1.83
39,160220,11:30:36,10303600,48.220689,16.375191,162.7,5,1.3334,1.5
40,160220,11:30:36,10303600,48.220689,16.375191,162.7,5,1.3334,1.5
41,160220,11:30:36,10303600,48.220689,16.375191,162.7,5,1.3334,1.5
42,160220,11:30:36,10303600,48.220689,16.375191,162.7,5,1.3334,1.5
43,160220,11:30:36,10303600,48.220689,16.375191,162.7,5,1.3334,1.5
44,160220,11:30:36,10303600,48.220689,16.375191,162.7,5,1.3334,1.5
45,160220,11:30:36,10303600,48.220689,16.375191,162.7,5,1.3334,1.5
46,160220,11:30:36,10303600,48.220689,16.375191,162.7,5,1.3334,1.5
47,160220,11:30:36,10303600,48.220689,16.375191,162.7,5,1.3334,1.5
48,160220,11:30:36,10303600,48.220689,16.375191,162.7,5,1.3334,1.5
49,160220,11:30:36,10303600,48.220689,16.375191,162.7,5,1.3334,1.5
50,160220,11:30:36,10303600,48.220689,16.375191,162.7,5,1.3334,1.5
51,160220,11:30:36,10303600,48.220689,16.375191,162.7,5,1.3334,1.5
52,160220,11:31:15,10311500,48.220764,16.37549,175.4,5,1.7779,1.51
53,160220,11:31:15,10311500,48.220764,16.37549,175.4,5,1.7779,1.51
54,160220,11:31:23,10312300,48.220759,16.375536999999998,177.4,6,0.2408,1.51
55,160220,11:31:23,10312300,48.220759,16.375536999999998,177.4,6,0.2408,1.51
56,160220,11:31:23,10312300,48.220759,16.375536999999998,177.4,6,0.2408,1.51
57,160220,11:31:23,10312300,48.220759,16.375536999999998,177.4,6,0.2408,1.51
58,160220,11:31:35,10313500,48.220634999999994,16.375716,174.8,7,3.9633,1.35
59,160220,11:31:35,10313500,48.220634999999994,16.375716,174.8,7,3.9633,1.35
60,160220,11:31:42,10314200,48.220587,16.375761999999998,174.0,7,1.4816,1.35
61,160220,11:31:45,10314500,48.220564,16.375782,173.3,7,3.5003,1.35
62,160220,11:31:48,10314800,48.220554,16.375815,173.2,7,3.4077,1.35
63,160220,11:31:51,10315100,48.220552000000005,16.375847,173.1,7,2.6669,1.35
64,160220,11:31:54,10315400,48.220541,16.375879,174.3,7,3.0188,1.35
65,160220,11:31:57,10315700,48.220533,16.375912,175.8,7,2.778,1.35
66,160220,11:32:00,10320000,48.220525,16.375939000000002,176.5,7,2.5743,1.35
67,160220,11:32:03,10320300,48.220523,16.375957999999997,177.4,7,0.6297,1.35
68,160220,11:32:06,10320600,48.220512,16.376004000000002,182.7,7,4.13,1.35
69,160220,11:32:09,10320900,48.220508,16.376039000000002,186.5,7,2.9632,1.67
70,160220,11:32:12,10321200,48.220489,16.376085999999997,188.3,7,3.1669,1.35
71,160220,11:32:15,10321500,48.220465999999995,16.376129000000002,190.3,7,3.2225,1.35
72,160220,11:32:18,10321800,48.220434000000004,16.376161,190.2,7,4.8708,2.21
73,160220,11:32:21,10322100,48.220393,16.376165,186.0,7,2.6484,1.36
74,160220,11:32:24,10322400,48.220362,16.376191,186.4,7,4.4818,1.36
75,160220,11:32:27,10322700,48.220337,16.376224,187.5,7,3.4262,1.36
76,160220,11:32:30,10323000,48.220304,16.376251,185.3,7,3.1299,1.69
77,160220,11:32:33,10323300,48.220308,16.376248,184.7,6,0.5556,1.53
78,160220,11:32:36,10323600,48.220310999999995,16.376245,185.8,7,1.3334,1.53
79,160220,11:32:39,10323900,48.220304,16.376272,189.3,7,0.7593,1.36
80,160220,11:32:42,10324200,48.220307,16.376273,190.3,6,0.1296,1.76
81,160220,11:32:45,10324500,48.22031,16.376267000000002,190.3,6,1.2964,1.76
82,160220,11:32:48,10324800,48.220324,16.376258,189.7,6,0.037,1.76
83,160220,11:32:51,10325100,48.220335999999996,16.376254,190.0,6,0.3148,1.76
84,160220,11:32:54,10325400,48.220328,16.376251,189.6,6,0.1482,1.76
85,160220,11:32:57,10325700,48.220317,16.376235,189.2,6,0.2222,1.53
86,160220,11:33:00,10330000,48.220301,16.376224,188.6,7,0.2408,1.76
87,160220,11:33:03,10330300,48.220304,16.376222,188.6,7,0.3704,1.36
88,160220,11:33:06,10330600,48.220312,16.376212,186.9,6,0.0556,1.69
89,160220,11:35:30,10353000,48.220263,16.376201000000002,180.6,6,0.8334,1.8
90,160220,11:35:30,10353000,48.220263,16.376201000000002,180.6,6,0.8334,1.8
91,160220,11:35:37,10353700,48.220286,16.376207,179.9,5,0.926,12.33
92,160220,11:35:40,10354000,48.220304999999996,16.376228,177.2,5,0.3519,12.41
93,160220,11:35:43,10354300,48.220308,16.376219,180.1,8,0.3519,1.38
94,160220,11:35:46,10354600,48.220304999999996,16.376212,180.3,7,0.7038,1.58
95,160220,11:35:49,10354900,48.220333000000004,16.376217999999998,182.9,7,0.0926,1.58
96,160220,11:35:52,10355200,48.220346,16.376219,183.5,7,0.2778,1.58
97,160220,11:35:55,10355500,48.220329,16.376193,184.0,7,4.1485,1.73
98,160220,11:35:58,10355800,48.220321999999996,16.376185999999997,184.0,6,0.1296,1.81
99,160220,11:36:01,10360100,48.220324,16.376177,185.6,6,1.0742,1.74
100,160220,11:36:02,10360200,48.220321000000006,16.376173,186.0,6,1.5742,2.32
101,160220,11:36:06,10360600,48.220307,16.376168,187.7,7,1.9816,2.32
102,160220,11:36:11,10361100,48.220287,16.376161,187.8,7,2.9632,1.39
103,160220,11:36:14,10361400,48.220286,16.376147,189.1,7,2.5743,1.74
104,160220,11:36:17,10361700,48.220284,16.376128,188.0,7,1.1482,1.39
105,160220,11:36:20,10362000,48.220273999999996,16.376122,187.3,6,0.037,2.32
106,160220,11:36:21,10362100,48.220277,16.376117,187.3,6,0.037,2.32
107,160220,11:36:24,10362400,48.220279,16.37611,187.3,6,0.6482,2.32
108,160220,11:36:27,10362700,48.220278,16.376113,187.3,6,0.037,2.32
109,160220,11:36:30,10363000,48.220279999999995,16.376126,187.3,6,0.5371,2.32
110,160220,11:36:33,10363300,48.220271999999994,16.376133,187.3,6,0.463,2.32
111,160220,11:36:36,10363600,48.220275,16.376143,187.3,6,0.3519,2.32
112,160220,11:36:39,10363900,48.220278,16.376145,187.3,6,0.0926,2.32
113,160220,11:36:44,10364400,48.220279,16.376141,187.3,6,0.7223,2.32
114,160220,11:36:48,10364800,48.220273999999996,16.376151,187.3,6,3.2966,2.32
115,160220,11:36:51,10365100,48.220269,16.376165,185.5,6,0.9445,2.32
116,160220,11:36:54,10365400,48.220269,16.37619,185.5,6,0.426,2.32
117,160220,11:36:57,10365700,48.220273,16.376195000000003,189.2,7,0.3334,1.75
118,160220,11:37:00,10370000,48.220264,16.376181,188.4,6,0.2593,1.75
119,160220,11:37:03,10370300,48.22025,16.376173,186.0,6,0.0926,1.75
120,160220,11:37:06,10370600,48.220247,16.376172,185.3,5,1.9261,2.32
121,160220,11:37:09,10370900,48.220216,16.376135,184.4,7,3.1299,2.32
122,160220,11:37:12,10371200,48.220221,16.376143,179.0,7,0.2593,1.4
123,160220,11:37:15,10371500,48.220225,16.376143,178.1,7,0.3519,1.4
124,160220,11:37:18,10371800,48.220226000000004,16.376146,177.9,7,0.1852,1.4
125,160220,11:37:21,10372100,48.220237,16.376161,177.9,7,2.9262,1.4
126,160220,11:37:22,10372200,48.220237,16.376168,178.7,6,1.7038,1.75
127,160220,11:37:25,10372500,48.220259000000006,16.376182999999997,179.5,7,0.2408,1.4
128,160220,11:37:25,10372500,48.220259000000006,16.376182999999997,179.5,7,0.2408,1.4
129,160220,11:37:25,10372500,48.220259000000006,16.376182999999997,179.5,7,0.2408,1.4
130,160220,11:37:34,10373400,48.220304999999996,16.376185999999997,183.3,7,0.3889,1.75
131,160220,11:37:37,10373700,48.220331,16.376199,186.5,7,0.1111,1.4
132,160220,11:37:37,10373700,48.220331,16.376199,186.5,7,0.1111,1.4
133,160220,11:37:37,10373700,48.220331,16.376199,186.5,7,0.1111,1.4
134,160220,11:37:47,10374700,48.220364000000004,16.376225,192.9,6,0.889,1.76
135,160220,11:37:47,10374700,48.220364000000004,16.376225,192.9,6,0.889,1.76
136,160220,11:37:47,10374700,48.220364000000004,16.376225,192.9,6,0.889,1.76
137,160220,11:37:47,10374700,48.220364000000004,16.376225,192.9,6,0.889,1.76
138,160220,11:37:58,10375800,48.220394,16.376296,187.0,7,2.7595,1.4
139,160220,11:37:58,10375800,48.220394,16.376296,187.0,7,2.7595,1.4
140,160220,11:37:58,10375800,48.220394,16.376296,187.0,7,2.7595,1.4
141,160220,11:37:58,10375800,48.220394,16.376296,187.0,7,2.7595,1.4
142,160220,11:37:58,10375800,48.220394,16.376296,187.0,7,2.7595,1.4
143,160220,11:38:15,10381500,48.220331,16.376407999999998,186.8,7,0.963,1.41
144,160220,11:38:23,10382300,48.220378000000004,16.376395000000002,190.5,6,0.426,1.77
145,160220,11:38:26,10382600,48.220384,16.37641,191.0,8,1.2223,0.97
146,160220,11:38:29,10382900,48.220354,16.376428,191.3,7,3.1299,1.41
147,160220,11:38:32,10383200,48.220286,16.376435,189.3,8,2.7595,1.78
148,160220,11:38:35,10383500,48.22027,16.37646,189.9,8,1.4816,1.09
149,160220,11:38:38,10383800,48.220264,16.376469,190.9,8,1.4816,1.09
150,160220,11:38:41,10384100,48.22025,16.376467,192.4,8,1.9816,0.97
151,160220,11:38:44,10384400,48.220248,16.376491,193.1,8,2.6298,1.09
152,160220,11:38:47,10384700,48.22023,16.376509,194.2,8,1.3334,0.97
153,160220,11:38:50,10385000,48.220197999999996,16.376507,198.2,8,2.0928,0.97
154,160220,11:38:53,10385300,48.220171,16.376519000000002,200.0,8,3.3521,0.97
155,160220,11:38:56,10385600,48.220147,16.376517,201.4,8,2.0187,0.97
156,160220,11:38:59,10385900,48.2201,16.376502,200.0,8,2.5928,0.97
157,160220,11:39:02,10390200,48.220091,16.376514,200.5,8,1.4631,0.97
158,160220,11:39:05,10390500,48.220099,16.376542,201.5,7,2.6854,1.41
159,160220,11:39:08,10390800,48.220092,16.376564000000002,202.6,8,1.5186,1.48
160,160220,11:39:11,10391100,48.220086,16.376584,204.9,7,1.5186,1.48
161,160220,11:39:14,10391400,48.220069,16.376607999999997,205.3,8,2.8521,1.48
162,160220,11:39:14,10391400,48.220069,16.376607999999997,205.3,8,2.8521,1.48
163,160220,11:41:17,10411700,48.218978,16.376644,192.3,8,2.0742,0.97
164,160220,11:41:20,10412000,48.218983,16.376651000000003,192.8,8,2.0742,0.97
165,160220,11:41:23,10412300,48.218990000000005,16.376655,194.3,8,2.0742,1.09
166,160220,11:41:26,10412600,48.218996999999995,16.376649,195.5,8,2.0742,0.97
167,160220,11:41:29,10412900,48.219002,16.37666,196.4,8,2.0742,0.97
168,160220,11:41:32,10413200,48.219002,16.376675,197.5,8,1.1297,0.97
169,160220,11:41:35,10413500,48.219,16.376685000000002,198.5,8,1.1297,0.97
170,160220,11:41:38,10413800,48.218994,16.376692000000002,197.5,8,1.1297,0.97
171,160220,11:41:41,10414100,48.218982000000004,16.376699,197.9,8,1.4446,0.97
172,160220,11:41:44,10414400,48.218964,16.376712,198.4,7,1.4446,1.5
173,160220,11:41:47,10414700,48.218941,16.376708999999998,198.4,7,1.4446,1.44
174,160220,11:41:50,10415000,48.218924,16.376706,197.3,7,1.4446,1.44
175,160220,11:41:53,10415300,48.218891,16.376704999999998,195.7,8,1.4446,1.84
176,160220,11:41:56,10415600,48.218864,16.376703,195.7,8,2.2409,1.84
177,160220,11:41:56,10415600,48.218864,16.376703,195.7,8,2.2409,1.84
178,160220,11:41:56,10415600,48.218864,16.376703,195.7,8,2.2409,1.84
179,160220,11:41:56,10415600,48.218864,16.376703,195.7,8,2.2409,1.84
180,160220,11:41:56,10415600,48.218864,16.376703,195.7,8,2.2409,1.84
181,160220,11:41:56,10415600,48.218864,16.376703,195.7,8,2.2409,1.84
182,160220,11:41:56,10415600,48.218864,16.376703,195.7,8,2.2409,1.84
183,160220,11:41:56,10415600,48.218864,16.376703,195.7,8,2.2409,1.84
184,160220,11:42:20,10422000,48.218512,16.376618,187.5,8,3.4077,1.85
185,160220,11:42:20,10422000,48.218512,16.376618,187.5,8,3.4077,1.85
186,160220,11:42:27,10422700,48.21842,16.376610999999997,189.4,7,3.2595,1.44
187,160220,11:42:30,10423000,48.218392,16.376604,190.3,7,2.7039,1.44
188,160220,11:42:33,10423300,48.218363000000004,16.376591,191.8,8,2.1668,1.44
189,160220,11:42:36,10423600,48.218334000000006,16.376585000000002,193.8,8,3.5929,0.97
190,160220,11:42:39,10423900,48.218287,16.37658,193.0,8,3.7225,1.09
191,160220,11:42:42,10424200,48.218253999999995,16.376576999999997,191.5,7,3.7966,1.09
192,160220,11:42:45,10424500,48.218195,16.376558,191.1,7,3.6484,1.08
193,160220,11:42:48,10424800,48.218154,16.376564000000002,189.8,8,3.4447,1.08
194,160220,11:42:51,10425100,48.218123,16.376558,188.0,8,2.7965,1.08
195,160220,11:42:54,10425400,48.218115999999995,16.376542999999998,185.5,8,1.1297,0.97
196,160220,11:42:57,10425700,48.218090000000004,16.376537,181.1,8,2.0928,1.45
197,160220,11:43:00,10430000,48.218087,16.376544,180.9,8,0.6297,1.45
198,160220,11:43:03,10430300,48.218094,16.376535,180.4,6,0.3889,1.86
199,160220,11:43:06,10430600,48.218053999999995,16.376537,180.5,6,1.8705,1.86
200,160220,11:43:09,10430900,48.21802,16.376527,184.7,7,1.0371,1.86
201,160220,11:43:12,10431200,48.218001,16.376518,185.8,7,2.0742,1.45
202,160220,11:43:15,10431500,48.21796,16.376507999999998,185.7,7,2.0742,1.45
203,160220,11:43:18,10431800,48.217906,16.376514,180.6,8,1.9076,1.86
204,160220,11:43:21,10432100,48.217878000000006,16.376513,180.4,8,1.9076,1.45
205,160220,11:43:24,10432400,48.217863,16.376522,178.0,8,1.5557,0.97
206,160220,11:43:27,10432700,48.21785,16.376532,174.4,8,1.0001,1.08
207,160220,11:43:30,10433000,48.217833,16.376541,175.5,8,1.0001,0.97
208,160220,11:43:33,10433300,48.217815,16.376538,175.7,8,1.0001,0.97
209,160220,11:43:36,10433600,48.217807,16.376526000000002,174.7,6,1.0001,1.84
210,160220,11:43:39,10433900,48.217828999999995,16.376525,173.9,7,1.0001,1.45
211,160220,11:43:42,10434200,48.217831,16.376532,174.5,7,1.0001,1.87
212,160220,11:43:45,10434500,48.217802,16.376535999999998,176.6,7,1.0001,1.45
213,160220,11:43:48,10434800,48.217751,16.376532,175.7,8,1.0001,1.45
214,160220,11:43:51,10435100,48.217665999999994,16.376535999999998,174.8,8,1.0001,1.08
215,160220,11:43:54,10435400,48.217617,16.376561,174.7,8,1.0001,1.08
216,160220,11:43:57,10435700,48.217573,16.376582,176.1,8,1.0001,0.97
217,160220,11:44:00,10440000,48.21752,16.376596,177.0,8,1.0001,0.97
218,160220,11:44:03,10440300,48.217508,16.376607999999997,174.6,7,1.0001,1.88
219,160220,11:44:06,10440600,48.217499,16.376625,173.8,6,1.0001,1.88
220,160220,11:44:09,10440900,48.217496000000004,16.376652,172.7,7,2.9262,1.46
221,160220,11:44:12,10441200,48.217488,16.376668,171.0,6,2.0557,1.88
222,160220,11:44:15,10441500,48.217456,16.376673999999998,169.9,8,2.0557,1.46
223,160220,11:44:18,10441800,48.217419,16.3767,169.7,8,2.0557,1.08
224,160220,11:44:21,10442100,48.2174,16.376735999999998,169.3,8,2.815,0.97
225,160220,11:44:24,10442400,48.217385,16.376779,169.2,8,2.815,0.97
226,160220,11:44:27,10442700,48.217375,16.376822,169.3,7,2.815,1.08
227,160220,11:44:30,10443000,48.217375,16.376837,168.9,8,2.815,1.46
228,160220,11:44:33,10443300,48.217379,16.376841,167.8,8,0.0926,1.75
229,160220,11:44:33,10443300,48.217379,16.376841,167.8,8,0.0926,1.75
230,160220,11:44:33,10443300,48.217379,16.376841,167.8,8,0.0926,1.75
231,160220,11:44:33,10443300,48.217379,16.376841,167.8,8,0.0926,1.75
232,160220,11:44:43,10444300,48.217394,16.376935999999997,165.8,8,4.0559,0.97
233,160220,11:44:43,10444300,48.217394,16.376935999999997,165.8,8,4.0559,0.97
234,160220,11:44:43,10444300,48.217394,16.376935999999997,165.8,8,4.0559,0.97
235,160220,11:44:43,10444300,48.217394,16.376935999999997,165.8,8,4.0559,0.97
236,160220,11:44:43,10444300,48.217394,16.376935999999997,165.8,8,4.0559,0.97
237,160220,11:44:43,10444300,48.217394,16.376935999999997,165.8,8,4.0559,0.97
238,160220,11:44:43,10444300,48.217394,16.376935999999997,165.8,8,4.0559,0.97
239,160220,11:44:43,10444300,48.217394,16.376935999999997,165.8,8,4.0559,0.97
240,160220,11:44:43,10444300,48.217394,16.376935999999997,165.8,8,4.0559,0.97
241,160220,11:44:43,10444300,48.217394,16.376935999999997,165.8,8,4.0559,0.97
242,160220,11:44:43,10444300,48.217394,16.376935999999997,165.8,8,4.0559,0.97
243,160220,11:44:43,10444300,48.217394,16.376935999999997,165.8,8,4.0559,0.97
244,160220,11:44:43,10444300,48.217394,16.376935999999997,165.8,8,4.0559,0.97
245,160220,11:44:43,10444300,48.217394,16.376935999999997,165.8,8,4.0559,0.97
246,160220,11:44:43,10444300,48.217394,16.376935999999997,165.8,8,4.0559,0.97
247,160220,11:44:43,10444300,48.217394,16.376935999999997,165.8,8,4.0559,0.97
248,160220,11:44:43,10444300,48.217394,16.376935999999997,165.8,8,4.0559,0.97
249,160220,11:44:43,10444300,48.217394,16.376935999999997,165.8,8,4.0559,0.97
250,160220,11:44:43,10444300,48.217394,16.376935999999997,165.8,8,4.0559,0.97
251,160220,11:44:43,10444300,48.217394,16.376935999999997,165.8,8,4.0559,0.97
252,160220,11:45:45,10454500,48.217268,16.377543,180.2,7,1.889,1.55
253,160220,11:45:46,10454600,48.217256,16.377538,180.2,7,1.5557,1.55
254,160220,11:45:50,10455000,48.217223,16.37753,181.0,7,1.1853,1.55
255,160220,11:45:55,10455500,48.2171,16.377519,181.0,7,2.8891,1.55
256,160220,11:45:58,10455800,48.217088000000004,16.377542000000002,176.5,8,1.0556,1.08
257,160220,11:46:01,10460100,48.217092,16.377564000000003,179.4,8,1.5742,0.97
258,160220,11:46:04,10460400,48.2171,16.377601000000002,180.3,8,3.7225,1.08
259,160220,11:46:07,10460700,48.217071999999995,16.377637,180.8,8,3.7596,1.08
260,160220,11:46:10,10461000,48.216959,16.377645,174.4,8,2.6113,1.08
261,160220,11:46:31,10463100,48.217003000000005,16.377673,170.6,8,0.4074,1.18
262,160220,11:46:34,10463400,48.216999,16.377667000000002,172.1,9,0.5556,0.95
263,160220,11:46:37,10463700,48.217003000000005,16.377662,171.6,9,0.3148,1.18
264,160220,11:46:40,10464000,48.217014,16.377647,171.6,9,3.0928,1.18
265,160220,11:46:40,10464000,48.217014,16.377647,171.6,9,3.0928,1.18
266,160220,11:46:40,10464000,48.217014,16.377647,171.6,9,3.0928,1.18
267,160220,11:46:47,10464700,48.217042,16.377734,170.7,9,3.8336,1.02
268,160220,11:46:47,10464700,48.217042,16.377734,170.7,9,3.8336,1.02
269,160220,11:46:47,10464700,48.217042,16.377734,170.7,9,3.8336,1.02
270,160220,11:46:47,10464700,48.217042,16.377734,170.7,9,3.8336,1.02
271,160220,11:46:47,10464700,48.217042,16.377734,170.7,9,3.8336,1.02
272,160220,11:46:47,10464700,48.217042,16.377734,170.7,9,3.8336,1.02
273,160220,11:46:47,10464700,48.217042,16.377734,170.7,9,3.8336,1.02
274,160220,11:46:47,10464700,48.217042,16.377734,170.7,9,3.8336,1.02
275,160220,11:47:14,10471400,48.217082,16.378185000000002,168.4,9,2.352,0.9
276,160220,11:47:17,10471700,48.217086,16.378207,170.0,8,1.7594,1.02
277,160220,11:47:20,10472000,48.217112,16.378259,170.4,9,4.2966,1.34
278,160220,11:47:23,10472300,48.217133000000004,16.378311,170.7,9,3.8707,0.91
279,160220,11:47:26,10472600,48.217143,16.37836,170.4,9,3.8151,1.76
280,160220,11:47:29,10472900,48.217148,16.378408,170.1,9,4.204,1.15
281,160220,11:47:32,10473200,48.217159,16.378457,170.6,8,3.4262,1.02
282,160220,11:47:35,10473500,48.217156,16.378505,170.5,8,3.9262,1.95
283,160220,11:47:38,10473800,48.217163,16.378549,170.3,9,3.4262,1.0
284,160220,11:47:41,10474100,48.217175,16.378592,170.4,8,3.5188,1.77
285,160220,11:47:44,10474400,48.217174,16.378636,170.1,8,3.5744,1.96
286,160220,11:47:47,10474700,48.217176,16.378682,169.9,8,4.1114,1.35
287,160220,11:47:50,10475000,48.217175,16.378722,169.7,7,3.2966,1.96
288,160220,11:47:53,10475300,48.217165,16.378769000000002,169.0,8,4.204,1.17
289,160220,11:47:56,10475600,48.217169,16.378817,168.9,7,3.4077,1.96
290,160220,11:47:59,10475900,48.217166,16.37886,168.4,8,4.0374,1.96
291,160220,11:48:02,10480200,48.21717,16.378906,168.1,8,3.6299,1.02
292,160220,11:48:05,10480500,48.217169,16.378953,167.5,9,3.6484,1.22
293,160220,11:48:08,10480800,48.217172999999995,16.378996,167.8,9,3.7966,1.22
294,160220,11:48:11,10481100,48.217178999999994,16.379037,167.7,8,3.241,1.35
295,160220,11:48:14,10481400,48.217185,16.37908,167.4,8,3.7225,1.35
296,160220,11:48:17,10481700,48.217183,16.37912,166.7,9,3.4632,1.22
297,160220,11:48:20,10482000,48.217189000000005,16.379157,166.8,7,3.5373,1.35
298,160220,11:48:23,10482300,48.217197999999996,16.379197,166.4,9,3.704,1.02
299,160220,11:48:26,10482600,48.217207,16.379235,165.9,9,3.5558,1.23
300,160220,11:48:29,10482900,48.217215,16.379282999999997,165.7,7,3.9448,1.35
301,160220,11:48:32,10483200,48.217226000000004,16.379327,165.7,8,4.0003,1.35
302,160220,11:48:35,10483500,48.217226000000004,16.379367000000002,165.6,9,3.278,1.35
303,160220,11:48:38,10483800,48.217224,16.379409,165.3,8,3.6484,1.23
304,160220,11:48:41,10484100,48.217221,16.379448999999997,165.2,9,3.5373,0.91
305,160220,11:48:44,10484400,48.217218,16.379492000000003,165.3,9,3.8151,1.23
306,160220,11:48:47,10484700,48.217211999999996,16.379538,166.1,8,3.3151,1.35
307,160220,11:48:50,10485000,48.217215,16.379584,165.6,8,3.3521,1.35
308,160220,11:48:53,10485300,48.217194,16.379642,166.0,9,3.741,1.76
309,160220,11:48:56,10485600,48.217193,16.379695,167.5,9,4.0188,1.23
310,160220,11:48:59,10485900,48.217211999999996,16.379742,168.5,8,3.8522,1.35
311,160220,11:49:02,10490200,48.217232,16.379792000000002,169.5,9,4.3522,1.17
312,160220,11:49:05,10490500,48.217223,16.379825,168.7,7,3.0373,1.17
313,160220,11:49:08,10490800,48.217232,16.379859,167.5,8,2.5187,1.36
314,160220,11:49:11,10491100,48.217223,16.379892,166.5,6,2.5743,1.98
315,160220,11:49:14,10491400,48.217197999999996,16.379901999999998,166.1,6,0.463,1.98
316,160220,11:49:17,10491700,48.217189000000005,16.379915,166.3,6,2.0372,4.44
317,160220,11:49:20,10492000,48.217181,16.379951000000002,165.5,8,3.667,4.44
318,160220,11:49:23,10492300,48.217234999999995,16.379974,170.1,9,0.1111,1.39
319,160220,11:49:26,10492600,48.217271000000004,16.379985,173.5,9,1.5557,1.24
320,160220,11:49:29,10492900,48.217267,16.380021,173.0,8,3.7596,1.79
321,160220,11:49:32,10493200,48.217267,16.380053,171.8,9,2.7965,0.91
322,160220,11:49:35,10493500,48.217244,16.380083,170.4,8,3.204,1.59
323,160220,11:49:38,10493800,48.217240000000004,16.380125,168.8,9,4.0188,0.97
324,160220,11:49:41,10494100,48.217277,16.380178,170.2,9,3.3706,0.91
325,160220,11:49:44,10494400,48.2173,16.380235,172.5,9,4.4263,0.91
326,160220,11:49:47,10494700,48.217306,16.380279,173.0,9,3.6114,0.91
327,160220,11:49:50,10495000,48.217306,16.380328,172.4,9,4.1855,0.97
328,160220,11:49:53,10495300,48.217313,16.380373000000002,172.2,9,4.1855,0.91
329,160220,11:49:56,10495600,48.217331,16.380414000000002,170.9,9,2.7595,0.91
330,160220,11:49:59,10495900,48.21732,16.38045,168.5,8,2.7595,1.0
331,160220,11:50:02,10500200,48.217310999999995,16.380478,168.9,9,3.1484,1.0
332,160220,11:50:02,10500200,48.217310999999995,16.380478,168.9,9,3.1484,1.0
333,160220,11:50:02,10500200,48.217310999999995,16.380478,168.9,9,3.1484,1.0
334,160220,11:50:02,10500200,48.217310999999995,16.380478,168.9,9,3.1484,1.0
335,160220,11:50:02,10500200,48.217310999999995,16.380478,168.9,9,3.1484,1.0
336,160220,11:50:02,10500200,48.217310999999995,16.380478,168.9,9,3.1484,1.0
337,160220,11:50:18,10501800,48.217302000000004,16.380673,171.7,9,0.0926,0.91
338,160220,11:50:18,10501800,48.217302000000004,16.380673,171.7,9,0.0926,0.91
339,160220,11:50:18,10501800,48.217302000000004,16.380673,171.7,9,0.0926,0.91
340,160220,11:50:30,10503000,48.217286,16.380698000000002,177.2,9,2.815,1.02
341,160220,11:50:33,10503300,48.21728,16.38072,178.1,9,0.7408,0.91
342,160220,11:50:36,10503600,48.217276,16.380729000000002,179.9,9,1.3334,1.02
343,160220,11:50:39,10503900,48.217281,16.380737,186.1,9,2.0372,1.0
344,160220,11:50:42,10504200,48.217273,16.380743,187.9,9,0.1482,0.91
345,160220,11:50:45,10504500,48.217276,16.380748999999998,187.6,8,0.1296,1.08
346,160220,11:50:48,10504800,48.217277,16.380753,189.7,8,0.1667,1.02
347,160220,11:50:51,10505100,48.217275,16.380755999999998,189.8,8,0.5186,1.37
348,160220,11:50:54,10505400,48.217285,16.380754999999997,190.9,9,1.3334,1.16
349,160220,11:50:57,10505700,48.217281,16.380774,190.9,9,1.7964,1.16
350,160220,11:51:00,10510000,48.217278,16.380804,191.5,9,2.315,0.91
351,160220,11:51:03,10510300,48.217265000000005,16.380813,194.3,9,1.0001,0.91
352,160220,11:51:06,10510600,48.217265000000005,16.380835,194.4,9,1.6853,0.91
353,160220,11:51:09,10510900,48.217245,16.38084,194.5,9,1.6853,1.0
354,160220,11:51:12,10511200,48.217221,16.380859,195.1,9,2.815,0.91
355,160220,11:51:15,10511500,48.217175,16.380869,194.2,9,2.815,0.91
356,160220,11:51:18,10511800,48.217147,16.380882999999997,195.9,9,2.815,0.91
357,160220,11:51:21,10512100,48.217115,16.380898000000002,196.9,9,2.815,0.91
358,160220,11:51:24,10512400,48.217077,16.380905,197.5,8,2.815,1.19
359,160220,11:51:27,10512700,48.217058,16.380939,197.8,8,2.815,1.16
360,160220,11:51:30,10513000,48.217042,16.380986,195.5,8,2.2965,1.02
361,160220,11:51:31,10513100,48.217040000000004,16.380993,195.2,8,0.463,1.02
362,160220,11:51:37,10513700,48.217037,16.381022,193.0,9,0.2037,0.91
363,160220,11:51:40,10514000,48.217024,16.381024,193.5,9,0.3889,0.91
364,160220,11:51:43,10514300,48.217017999999996,16.381027,193.3,7,0.0556,1.21
365,160220,11:51:46,10514600,48.217017,16.381032,194.4,8,0.2222,1.21
366,160220,11:51:49,10514900,48.217009999999995,16.381033,194.8,8,0.2222,1.16
367,160220,11:51:52,10515200,48.217001,16.38103,195.8,8,0.1667,1.35
368,160220,11:51:55,10515500,48.216997,16.381034,195.9,7,0.1296,1.35
369,160220,11:51:58,10515800,48.216993,16.38104,196.2,9,0.1296,1.35
370,160220,11:52:01,10520100,48.21699,16.381043,196.3,7,0.1111,1.35
371,160220,11:52:04,10520400,48.216986999999996,16.381045999999998,196.4,8,0.2222,1.35
372,160220,11:52:07,10520700,48.216983,16.381048,196.9,9,0.1667,1.0
373,160220,11:52:10,10521000,48.216978999999995,16.381047,197.9,9,0.2593,1.02
374,160220,11:52:13,10521300,48.216977,16.381047,198.6,9,0.2222,1.02
375,160220,11:52:16,10521600,48.216969,16.38104,200.8,9,0.3334,0.91
376,160220,11:52:19,10521900,48.216959,16.381033,202.4,9,0.3334,1.02
377,160220,11:52:22,10522200,48.216947999999995,16.381016,204.8,9,0.2037,1.39
378,160220,11:52:22,10522200,48.216947999999995,16.381016,204.8,9,0.2037,1.39
379,160220,11:52:22,10522200,48.216947999999995,16.381016,204.8,9,0.2037,1.39
380,160220,11:52:22,10522200,48.216947999999995,16.381016,204.8,9,0.2037,1.39
381,160220,11:52:22,10522200,48.216947999999995,16.381016,204.8,9,0.2037,1.39
382,160220,11:52:22,10522200,48.216947999999995,16.381016,204.8,9,0.2037,1.39
383,160220,11:52:22,10522200,48.216947999999995,16.381016,204.8,9,0.2037,1.39
384,160220,11:52:22,10522200,48.216947999999995,16.381016,204.8,9,0.2037,1.39
385,160220,11:52:22,10522200,48.216947999999995,16.381016,204.8,9,0.2037,1.39
386,160220,11:52:48,10524800,48.216907,16.380963,214.1,9,0.2408,0.91
387,160220,11:52:51,10525100,48.216909,16.380962,214.4,9,0.2408,0.96
388,160220,11:52:51,10525100,48.216909,16.380962,214.4,9,0.2408,0.96
389,160220,11:52:51,10525100,48.216909,16.380962,214.4,9,0.2408,0.96
390,160220,11:53:00,10530000,48.216912,16.381006,214.9,9,0.7038,0.91
391,160220,11:53:00,10530000,48.216912,16.381006,214.9,9,0.7038,0.91
392,160220,11:53:00,10530000,48.216912,16.381006,214.9,9,0.7038,0.91
393,160220,11:53:00,10530000,48.216912,16.381006,214.9,9,0.7038,0.91
394,160220,11:53:00,10530000,48.216912,16.381006,214.9,9,0.7038,0.91
395,160220,11:53:00,10530000,48.216912,16.381006,214.9,9,0.7038,0.91
396,160220,11:53:18,10531800,48.216923,16.381002,212.2,8,0.1296,1.22
397,160220,11:53:18,10531800,48.216923,16.381002,212.2,8,0.1296,1.22
398,160220,11:53:18,10531800,48.216923,16.381002,212.2,8,0.1296,1.22
399,160220,11:53:18,10531800,48.216923,16.381002,212.2,8,0.1296,1.22
400,160220,11:53:18,10531800,48.216923,16.381002,212.2,8,0.1296,1.22
401,160220,11:53:18,10531800,48.216923,16.381002,212.2,8,0.1296,1.22
402,160220,11:53:18,10531800,48.216923,16.381002,212.2,8,0.1296,1.22
403,160220,11:53:18,10531800,48.216923,16.381002,212.2,8,0.1296,1.22
404,160220,11:53:18,10531800,48.216923,16.381002,212.2,8,0.1296,1.22
405,160220,11:53:18,10531800,48.216923,16.381002,212.2,8,0.1296,1.22
406,160220,11:53:18,10531800,48.216923,16.381002,212.2,8,0.1296,1.22
407,160220,11:53:18,10531800,48.216923,16.381002,212.2,8,0.1296,1.22
408,160220,11:53:18,10531800,48.216923,16.381002,212.2,8,0.1296,1.22
409,160220,11:53:18,10531800,48.216923,16.381002,212.2,8,0.1296,1.22
410,160220,11:53:18,10531800,48.216923,16.381002,212.2,8,0.1296,1.22
411,160220,11:53:18,10531800,48.216923,16.381002,212.2,8,0.1296,1.22
412,160220,11:53:18,10531800,48.216923,16.381002,212.2,8,0.1296,1.22
413,160220,11:54:09,10540900,48.216923,16.380986,213.5,8,0.963,1.02
414,160220,11:54:09,10540900,48.216923,16.380986,213.5,8,0.963,1.02
415,160220,11:54:09,10540900,48.216923,16.380986,213.5,8,0.963,1.02
416,160220,11:54:09,10540900,48.216923,16.380986,213.5,8,0.963,1.02
417,160220,11:54:09,10540900,48.216923,16.380986,213.5,8,0.963,1.02
418,160220,11:54:09,10540900,48.216923,16.380986,213.5,8,0.963,1.02
419,160220,11:54:09,10540900,48.216923,16.380986,213.5,8,0.963,1.02
420,160220,11:54:09,10540900,48.216923,16.380986,213.5,8,0.963,1.02
421,160220,11:54:09,10540900,48.216923,16.380986,213.5,8,0.963,1.02
422,160220,11:54:09,10540900,48.216923,16.380986,213.5,8,0.963,1.02
423,160220,11:54:39,10543900,48.216916,16.380789,213.5,8,0.1296,1.02
424,160220,11:54:39,10543900,48.216916,16.380789,213.5,8,0.1296,1.02
425,160220,11:54:39,10543900,48.216916,16.380789,213.5,8,0.1296,1.02
426,160220,11:54:39,10543900,48.216916,16.380789,213.5,8,0.1296,1.02
427,160220,11:54:39,10543900,48.216916,16.380789,213.5,8,0.1296,1.02
428,160220,11:54:56,10545600,48.216939,16.380736,218.3,8,0.2778,1.39
429,160220,11:54:59,10545900,48.216957,16.380729000000002,218.7,8,0.2778,1.39
430,160220,11:55:02,10550200,48.216959,16.38072,218.3,9,0.1667,1.02
431,160220,11:55:05,10550500,48.216961,16.380713,218.0,9,0.037,1.02
432,160220,11:55:08,10550800,48.21696,16.380688,215.4,9,0.037,1.39
433,160220,11:55:11,10551100,48.216965,16.380679999999998,215.4,9,0.037,1.39
434,160220,11:55:14,10551400,48.216976,16.380677,215.9,9,0.037,1.2
435,160220,11:55:17,10551700,48.216985,16.380679,215.7,8,0.037,1.2
436,160220,11:55:20,10552000,48.216983,16.380688,215.2,9,0.037,1.39
437,160220,11:55:23,10552300,48.216966,16.380677,214.8,9,0.037,1.02
438,160220,11:55:26,10552600,48.216944,16.380664000000003,215.8,9,0.037,1.02
439,160220,11:55:29,10552900,48.216929,16.380661,216.6,9,0.3704,1.02
440,160220,11:55:29,10552900,48.216929,16.380661,216.6,9,0.3704,1.02
441,160220,11:55:33,10553300,48.216908000000004,16.380659,217.2,9,0.5186,1.02
442,160220,11:55:38,10553800,48.216896000000006,16.38064,215.5,8,1.2038,1.02
443,160220,11:55:38,10553800,48.216896000000006,16.38064,215.5,8,1.2038,1.02
444,160220,11:55:38,10553800,48.216896000000006,16.38064,215.5,8,1.2038,1.02
445,160220,11:55:38,10553800,48.216896000000006,16.38064,215.5,8,1.2038,1.02
446,160220,11:55:50,10555000,48.216929,16.380669,212.4,8,1.7594,1.02
447,160220,11:55:51,10555100,48.216931,16.380678,212.4,8,1.3705,1.02
448,160220,11:55:54,10555400,48.216939,16.380712,212.4,8,1.6853,1.02
449,160220,11:55:57,10555700,48.216944,16.380713,212.4,8,0.463,1.02
450,160220,11:56:00,10560000,48.216966,16.380717,212.4,8,1.9076,1.02
451,160220,11:56:03,10560300,48.216992,16.380697,212.4,8,2.5928,1.02
452,160220,11:56:06,10560600,48.217008,16.380682,212.4,8,1.2408,1.02
453,160220,11:56:09,10560900,48.217037,16.380670000000002,212.4,8,3.3336,1.02
454,160220,11:56:13,10561300,48.217087,16.380679,203.3,8,2.2224,1.02
455,160220,11:56:15,10561500,48.217107,16.380682,203.3,8,2.4632,1.02
456,160220,11:56:18,10561800,48.217113,16.380684,203.3,8,0.5371,1.02
457,160220,11:56:21,10562100,48.217139,16.380688,203.3,8,2.0557,1.02
458,160220,11:56:24,10562400,48.217176,16.380692,203.3,8,3.4632,1.02
459,160220,11:56:27,10562700,48.217197999999996,16.380685999999997,203.3,8,1.6298,1.02
460,160220,11:56:30,10563000,48.217224,16.380689,203.3,8,2.8706,1.02
461,160220,11:56:33,10563300,48.217248,16.380685999999997,203.3,8,2.5743,1.02
462,160220,11:56:36,10563600,48.217288,16.380684,203.3,8,2.2224,1.02
463,160220,11:56:39,10563900,48.217304,16.380681,203.3,8,0.8149,1.02
464,160220,11:56:42,10564200,48.217321000000005,16.380674,203.3,8,0.7593,1.02
465,160220,11:56:45,10564500,48.217356,16.380685,203.3,8,2.5743,1.02
466,160220,11:56:48,10564800,48.21739,16.380691,203.3,8,1.2408,1.02
467,160220,11:56:51,10565100,48.217422,16.380697,203.3,8,2.0742,1.02
468,160220,11:56:54,10565400,48.217446,16.380692,203.3,8,1.9446,1.02
469,160220,11:56:59,10565900,48.217493,16.380685999999997,200.1,8,2.778,1.02
470,160220,11:57:00,10570000,48.217498,16.380685,200.1,8,1.9446,1.02
471,160220,11:57:03,10570300,48.217514,16.380682,200.1,8,1.5557,1.02
472,160220,11:57:06,10570600,48.217544000000004,16.380682,200.1,8,3.3151,1.02
473,160220,11:57:18,10571800,48.217641,16.380681,200.3,8,2.1113,1.02
474,160220,11:57:21,10572100,48.217667,16.380671,200.7,8,1.7779,1.02
475,160220,11:57:24,10572400,48.217675,16.380670000000002,200.6,8,0.037,1.02
476,160220,11:57:27,10572700,48.217677,16.380675,201.8,8,1.9816,1.02
477,160220,11:57:30,10573000,48.217672,16.380677,203.0,8,0.6667,1.02
478,160220,11:57:33,10573300,48.217679,16.380676,202.9,8,0.4074,1.02
479,160220,11:57:36,10573600,48.217678,16.380674,203.3,8,0.1482,1.02
480,160220,11:57:39,10573900,48.21768,16.380665,203.7,8,0.3704,1.02
481,160220,11:57:42,10574200,48.217693,16.380661,203.8,8,0.5556,1.02
482,160220,11:57:45,10574500,48.217708,16.380658,204.0,8,0.7593,1.02
483,160220,11:57:48,10574800,48.217756,16.380667000000003,204.2,8,3.8151,1.02
484,160220,11:57:51,10575100,48.217783000000004,16.380671,202.2,8,2.0928,1.02
485,160220,11:57:54,10575400,48.217805,16.380673,201.4,8,1.7594,1.02
486,160220,11:57:57,10575700,48.217886,16.380734,200.2,8,2.6854,1.02
487,160220,11:58:00,10580000,48.217938000000004,16.380762,195.4,8,2.5928,1.02
488,160220,11:58:03,10580300,48.21797,16.380774,191.0,8,2.6113,1.02
489,160220,11:58:06,10580600,48.217969000000004,16.380768,190.7,8,3.6299,1.02
490,160220,11:58:09,10580900,48.217958,16.380754999999997,191.0,8,1.7594,1.02
491,160220,11:58:12,10581200,48.217968,16.380733,190.9,8,1.4446,1.02
492,160220,11:58:15,10581500,48.217971999999996,16.380713,191.5,8,0.4815,1.02
493,160220,11:58:27,10582700,48.217975,16.380693,190.8,8,0.037,1.02
494,160220,11:58:30,10583000,48.217977000000005,16.380702,191.1,8,1.1668,1.08
495,160220,11:58:33,10583300,48.217988,16.380703,193.4,7,2.3706,1.08
496,160220,11:58:36,10583600,48.217999,16.380696,194.8,6,0.5926,1.2
497,160220,11:58:39,10583900,48.218024,16.380682,194.8,8,1.1668,1.08
498,160220,11:58:42,10584200,48.218030999999996,16.380653,197.5,8,2.2409,1.02
499,160220,11:58:45,10584500,48.218057,16.380643,196.3,8,2.6298,1.02
500,160220,11:58:48,10584800,48.218090999999994,16.380638,198.1,8,3.2595,1.02
501,160220,11:58:51,10585100,48.218123,16.380623,199.0,8,2.3335,1.02
502,160220,11:58:54,10585400,48.218143,16.380620999999998,198.0,8,1.852,1.02
503,160220,11:58:57,10585700,48.218177000000004,16.380623,197.8,8,3.8707,1.02
504,160220,11:59:00,10590000,48.218193,16.380623,198.8,8,0.7038,1.02
505,160220,11:59:03,10590300,48.218213,16.380616,199.6,8,1.7409,1.02
506,160220,11:59:06,10590600,48.218237,16.38061,199.6,8,3.8892,1.02
507,160220,11:59:09,10590900,48.218268,16.380613,195.8,8,1.9816,1.02
508,160220,11:59:12,10591200,48.218291,16.380618,194.5,8,2.1668,1.02
509,160220,11:59:15,10591500,48.218344,16.380646,194.5,8,2.4261,1.02
510,160220,11:59:18,10591800,48.218376,16.380649,190.9,8,0.5741,1.02
511,160220,11:59:21,10592100,48.21842,16.380651999999998,190.9,8,3.5003,1.02
512,160220,11:59:24,10592400,48.218486,16.380665,187.8,8,2.9817,1.02
513,160220,11:59:27,10592700,48.218589,16.380685999999997,177.9,8,1.9261,1.02
514,160220,11:59:30,10593000,48.218647,16.380704,175.4,7,3.1854,1.08
515,160220,11:59:33,10593300,48.218703000000005,16.380717999999998,175.8,8,2.1668,1.08
516,160220,11:59:36,10593600,48.218804999999996,16.380799,178.4,8,1.8335,1.02
517,160220,11:59:39,10593900,48.218869,16.380882,178.2,8,1.6853,1.02
518,160220,11:59:42,10594200,48.218913,16.380902,179.0,8,1.3334,1.08
519,160220,11:59:45,10594500,48.218942999999996,16.380926000000002,181.0,8,0.6852,1.02
520,160220,11:59:48,10594800,48.218949,16.380938,180.3,8,0.7038,1.13
521,160220,11:59:51,10595100,48.218956,16.380939,180.6,8,1.0742,1.02
522,160220,11:59:54,10595400,48.21895,16.380942,179.3,7,0.6667,1.08
523,160220,11:59:57,10595700,48.218967,16.380945999999998,178.9,8,0.2222,1.02
524,160220,12:00:00,11000000,48.218975,16.380945999999998,180.3,7,0.3704,1.08
525,160220,12:00:03,11000300,48.21898,16.380948999999998,180.7,7,0.1667,1.08
526,160220,12:00:03,11000300,48.21898,16.380948999999998,180.7,7,0.1667,1.08
527,160220,12:00:03,11000300,48.21898,16.380948999999998,180.7,7,0.1667,1.08
528,160220,12:00:12,11001200,48.218994,16.380956,182.2,7,0.1667,1.08
529,160220,12:00:12,11001200,48.218994,16.380956,182.2,7,0.1667,1.08
530,160220,12:00:12,11001200,48.218994,16.380956,182.2,7,0.1667,1.08
531,160220,12:00:12,11001200,48.218994,16.380956,182.2,7,0.1667,1.08
532,160220,12:00:22,11002200,48.219007,16.380954,182.2,7,0.4815,1.08
533,160220,12:00:22,11002200,48.219007,16.380954,182.2,7,0.4815,1.08
534,160220,12:00:28,11002800,48.219021000000005,16.380956,184.4,8,0.1482,1.08
535,160220,12:00:34,11003400,48.219037,16.380947,185.4,8,1.7964,1.08
536,160220,12:00:37,11003700,48.219035999999996,16.38092,185.3,7,1.889,1.08
537,160220,12:00:40,11004000,48.219032,16.380882,186.0,7,3.4632,1.08
538,160220,12:00:43,11004300,48.219045,16.380848999999998,185.4,7,3.9818,1.08
539,160220,12:00:46,11004600,48.219028,16.38081,183.7,7,3.704,1.08
540,160220,12:00:49,11004900,48.219025,16.380766,182.6,8,2.5743,1.08
541,160220,12:00:52,11005200,48.219015999999996,16.38071,181.0,8,3.8892,1.02
542,160220,12:00:55,11005500,48.21903,16.380679,181.9,8,1.1482,1.02
543,160220,12:00:58,11005800,48.21903,16.380647,181.2,8,2.9262,1.43
544,160220,12:01:01,11010100,48.219045,16.380625,180.8,8,2.9447,1.02
545,160220,12:01:04,11010400,48.219069,16.380595,179.5,8,3.2966,1.02
546,160220,12:01:07,11010700,48.219085,16.380577,179.0,8,1.2408,1.03
547,160220,12:01:10,11011000,48.219085,16.38055,176.5,8,3.241,1.03
548,160220,12:01:13,11011300,48.219116,16.380513,172.4,8,6.1301,1.03
549,160220,12:01:16,11011600,48.21913,16.380495,171.4,8,1.1112,1.03
550,160220,12:01:19,11011900,48.219136999999996,16.380491,172.6,8,1.852,1.03
551,160220,12:01:22,11012200,48.219148,16.380492,174.4,8,1.4075,1.03
552,160220,12:01:25,11012500,48.219173,16.380503,176.4,8,0.5371,1.03
553,160220,12:01:28,11012800,48.219188,16.380507,177.1,8,1.0001,1.03
554,160220,12:01:31,11013100,48.219204,16.380494,177.5,8,2.2594,1.03
555,160220,12:01:34,11013400,48.219212,16.380476,177.3,8,2.3706,1.03
556,160220,12:01:37,11013700,48.219228,16.380459,177.1,8,2.6669,1.03
557,160220,12:01:40,11014000,48.219244,16.380441,177.0,8,2.7039,1.03
558,160220,12:01:43,11014300,48.219276,16.380417,176.4,8,2.5928,1.03
559,160220,12:01:46,11014600,48.219305,16.380392,175.5,8,2.815,1.03
560,160220,12:01:49,11014900,48.219327,16.380354,173.6,8,2.2965,1.03
561,160220,12:01:52,11015200,48.219346,16.380306,171.2,8,2.2965,1.03
562,160220,12:01:55,11015500,48.219363,16.380262,170.1,8,2.2965,1.03
563,160220,12:01:58,11015800,48.219389,16.380229999999997,169.6,8,2.2965,1.03
564,160220,12:02:01,11020100,48.219409000000006,16.380212,170.3,8,2.2965,1.03
565,160220,12:02:04,11020400,48.219433,16.38019,170.8,8,2.2965,1.03
566,160220,12:02:07,11020700,48.219456,16.380164999999998,170.8,8,2.6854,1.03
567,160220,12:02:10,11021000,48.219484,16.380143,171.2,8,2.6854,1.03
568,160220,12:02:13,11021300,48.219513,16.380128,171.5,8,2.6854,1.03
569,160220,12:02:16,11021600,48.219536,16.380093,171.1,8,2.9447,1.08
570,160220,12:02:19,11021900,48.219553000000005,16.380058,171.0,8,2.9447,1.08
571,160220,12:02:22,11022200,48.219567,16.380027,170.7,8,2.9447,1.08
572,160220,12:02:25,11022500,48.219571,16.380023,171.4,8,2.9447,1.03
573,160220,12:02:28,11022800,48.219592,16.379995,170.6,8,2.9447,1.03
574,160220,12:02:31,11023100,48.219611,16.379969,170.1,8,2.9447,1.03
575,160220,12:02:34,11023400,48.21962,16.379951000000002,169.5,8,2.9447,1.03
576,160220,12:02:37,11023700,48.219636,16.379931,169.3,7,2.9447,1.45
577,160220,12:02:40,11024000,48.219646000000004,16.379908,169.2,8,2.9447,1.45
578,160220,12:02:43,11024300,48.219659,16.379876,168.1,8,2.9447,1.45
579,160220,12:02:46,11024600,48.219685,16.379846,167.9,7,2.9447,1.45
580,160220,12:02:49,11024900,48.219705,16.379816,167.8,8,2.9447,1.45
581,160220,12:02:52,11025200,48.219724,16.379792000000002,168.1,8,2.9447,1.03
582,160220,12:02:55,11025500,48.219749,16.379755,168.2,7,2.9447,1.08
583,160220,12:02:58,11025800,48.219769,16.379716000000002,167.1,8,2.9447,1.08
584,160220,12:03:01,11030100,48.219781,16.379697,167.2,8,2.9447,1.03
585,160220,12:03:04,11030400,48.219783,16.37969,167.5,6,0.0926,1.8
586,160220,12:03:07,11030700,48.219783,16.379678,167.6,6,0.1852,1.8
587,160220,12:03:10,11031000,48.219787,16.379673,167.9,7,0.0556,1.45
588,160220,12:03:10,11031000,48.219787,16.379673,167.9,7,0.0556,1.45
589,160220,12:03:10,11031000,48.219787,16.379673,167.9,7,0.0556,1.45
590,160220,12:03:10,11031000,48.219787,16.379673,167.9,7,0.0556,1.45
591,160220,12:03:10,11031000,48.219787,16.379673,167.9,7,0.0556,1.45
592,160220,12:03:10,11031000,48.219787,16.379673,167.9,7,0.0556,1.45
593,160220,12:03:10,11031000,48.219787,16.379673,167.9,7,0.0556,1.45
594,160220,12:03:10,11031000,48.219787,16.379673,167.9,7,0.0556,1.45
595,160220,12:03:10,11031000,48.219787,16.379673,167.9,7,0.0556,1.45
596,160220,12:03:10,11031000,48.219787,16.379673,167.9,7,0.0556,1.45
597,160220,12:03:10,11031000,48.219787,16.379673,167.9,7,0.0556,1.45
598,160220,12:03:10,11031000,48.219787,16.379673,167.9,7,0.0556,1.45
599,160220,12:03:44,11034400,48.219856,16.379513,167.5,7,3.3706,1.45
600,160220,12:03:44,11034400,48.219856,16.379513,167.5,7,3.3706,1.45
601,160220,12:03:44,11034400,48.219856,16.379513,167.5,7,3.3706,1.45
602,160220,12:03:44,11034400,48.219856,16.379513,167.5,7,3.3706,1.45
603,160220,12:03:44,11034400,48.219856,16.379513,167.5,7,3.3706,1.45
604,160220,12:03:44,11034400,48.219856,16.379513,167.5,7,3.3706,1.45
605,160220,12:03:44,11034400,48.219856,16.379513,167.5,7,3.3706,1.45
606,160220,12:03:44,11034400,48.219856,16.379513,167.5,7,3.3706,1.45
607,160220,12:03:44,11034400,48.219856,16.379513,167.5,7,3.3706,1.45
608,160220,12:03:44,11034400,48.219856,16.379513,167.5,7,3.3706,1.45
609,160220,12:03:44,11034400,48.219856,16.379513,167.5,7,3.3706,1.45
610,160220,12:03:44,11034400,48.219856,16.379513,167.5,7,3.3706,1.45
611,160220,12:03:44,11034400,48.219856,16.379513,167.5,7,3.3706,1.45
612,160220,12:03:44,11034400,48.219856,16.379513,167.5,7,3.3706,1.45
613,160220,12:03:44,11034400,48.219856,16.379513,167.5,7,3.3706,1.45
614,160220,12:03:44,11034400,48.219856,16.379513,167.5,7,3.3706,1.45
615,160220,12:03:44,11034400,48.219856,16.379513,167.5,7,3.3706,1.45
616,160220,12:03:44,11034400,48.219856,16.379513,167.5,7,3.3706,1.45
617,160220,12:03:44,11034400,48.219856,16.379513,167.5,7,3.3706,1.45
618,160220,12:03:44,11034400,48.219856,16.379513,167.5,7,3.3706,1.45
619,160220,12:03:44,11034400,48.219856,16.379513,167.5,7,3.3706,1.45
620,160220,12:04:50,11045000,48.220169,16.378814000000002,167.2,8,3.8892,1.03
621,160220,12:04:53,11045300,48.220186,16.378784,166.5,7,3.8892,1.46
622,160220,12:04:56,11045600,48.220206,16.378753,165.4,8,3.8892,1.03
623,160220,12:04:59,11045900,48.220228999999996,16.378721,165.6,8,3.8892,1.03
624,160220,12:05:02,11050200,48.22025,16.378692,164.5,8,3.8892,1.47
625,160220,12:05:06,11050600,48.220247,16.378666,162.8,7,1.8705,1.47
626,160220,12:05:09,11050900,48.220273999999996,16.378623,162.8,7,4.5189,1.47
627,160220,12:05:12,11051200,48.2203,16.378584,162.8,7,4.167,1.47
628,160220,12:05:15,11051500,48.220327000000005,16.378547,162.8,7,4.0929,1.47
629,160220,12:05:18,11051800,48.220347,16.378505,162.8,7,4.3522,1.47
630,160220,12:05:21,11052100,48.220369,16.378467999999998,162.8,7,4.167,1.47
631,160220,12:05:24,11052400,48.220394,16.378435,162.8,7,4.7226,1.47
632,160220,12:05:27,11052700,48.220409000000004,16.378398999999998,162.8,7,1.5742,1.47
633,160220,12:05:30,11053000,48.220417,16.378398999999998,162.3,6,0.2593,1.81
634,160220,12:05:33,11053300,48.220442,16.378372,162.0,7,0.2593,1.81
635,160220,12:05:36,11053600,48.220458,16.378331,161.9,7,0.2593,1.47
636,160220,12:05:39,11053900,48.22048,16.378297,161.6,7,3.4447,1.47
637,160220,12:05:42,11054200,48.220487,16.378273999999998,158.8,6,3.4447,1.81
638,160220,12:05:45,11054500,48.220515,16.378242,159.8,6,3.4262,1.81
639,160220,12:05:48,11054800,48.22054,16.378213,160.4,7,3.4262,1.81
640,160220,12:05:51,11055100,48.220546,16.378161,160.0,7,4.3522,1.81
641,160220,12:05:51,11055100,48.220546,16.378161,160.0,7,4.3522,1.81
642,160220,12:05:51,11055100,48.220546,16.378161,160.0,7,4.3522,1.81
643,160220,12:05:51,11055100,48.220546,16.378161,160.0,7,4.3522,1.81
644,160220,12:06:03,11060300,48.220639,16.378023000000002,160.4,7,3.8892,1.47
645,160220,12:06:03,11060300,48.220639,16.378023000000002,160.4,7,3.8892,1.47
646,160220,12:06:03,11060300,48.220639,16.378023000000002,160.4,7,3.8892,1.47
647,160220,12:06:03,11060300,48.220639,16.378023000000002,160.4,7,3.8892,1.47
648,160220,12:06:03,11060300,48.220639,16.378023000000002,160.4,7,3.8892,1.47
649,160220,12:06:03,11060300,48.220639,16.378023000000002,160.4,7,3.8892,1.47
650,160220,12:06:03,11060300,48.220639,16.378023000000002,160.4,7,3.8892,1.47
651,160220,12:06:03,11060300,48.220639,16.378023000000002,160.4,7,3.8892,1.47
652,160220,12:06:03,11060300,48.220639,16.378023000000002,160.4,7,3.8892,1.47
653,160220,12:06:03,11060300,48.220639,16.378023000000002,160.4,7,3.8892,1.47
654,160220,12:06:03,11060300,48.220639,16.378023000000002,160.4,7,3.8892,1.47
655,160220,12:06:03,11060300,48.220639,16.378023000000002,160.4,7,3.8892,1.47
656,160220,12:06:03,11060300,48.220639,16.378023000000002,160.4,7,3.8892,1.47
657,160220,12:06:03,11060300,48.220639,16.378023000000002,160.4,7,3.8892,1.47
658,160220,12:06:03,11060300,48.220639,16.378023000000002,160.4,7,3.8892,1.47
659,160220,12:06:03,11060300,48.220639,16.378023000000002,160.4,7,3.8892,1.47
660,160220,12:06:03,11060300,48.220639,16.378023000000002,160.4,7,3.8892,1.47
661,160220,12:06:03,11060300,48.220639,16.378023000000002,160.4,7,3.8892,1.47
662,160220,12:06:03,11060300,48.220639,16.378023000000002,160.4,7,3.8892,1.47
663,160220,12:06:03,11060300,48.220639,16.378023000000002,160.4,7,3.8892,1.47
664,160220,12:06:03,11060300,48.220639,16.378023000000002,160.4,7,3.8892,1.47
665,160220,12:06:03,11060300,48.220639,16.378023000000002,160.4,7,3.8892,1.47
666,160220,12:07:09,11070900,48.221070000000005,16.377562,168.0,8,0.0556,1.03
667,160220,12:07:12,11071200,48.221078000000006,16.377567000000003,169.3,8,0.0741,1.03
668,160220,12:07:13,11071300,48.22108,16.377570000000002,169.3,8,0.0185,1.03
669,160220,12:07:16,11071600,48.221082,16.377577,169.3,8,0.037,1.03
670,160220,12:07:19,11071900,48.221078000000006,16.377579,169.3,8,0.037,1.03
671,160220,12:07:25,11072500,48.221067,16.377575,170.6,8,0.0556,1.49
672,160220,12:07:28,11072800,48.221053999999995,16.377570000000002,170.6,8,0.5,1.49
673,160220,12:07:31,11073100,48.221064,16.377541,168.7,8,2.778,1.03
674,160220,12:07:34,11073400,48.221089,16.377523,167.2,8,3.0558,1.03
675,160220,12:07:37,11073700,48.221104,16.377489999999998,166.1,8,3.1299,1.03
676,160220,12:07:40,11074000,48.221126,16.377465,164.1,8,3.0743,1.49
677,160220,12:07:43,11074300,48.221145,16.377431,163.6,8,3.1854,1.11
678,160220,12:07:46,11074600,48.221167,16.377392,164.0,8,3.204,1.49
679,160220,12:07:49,11074900,48.221194,16.377363,164.7,8,2.2409,1.03
680,160220,12:07:52,11075200,48.221214,16.377339000000003,164.7,8,3.0373,1.03
681,160220,12:07:52,11075200,48.221214,16.377339000000003,164.7,8,3.0373,1.03
682,160220,12:07:52,11075200,48.221214,16.377339000000003,164.7,8,3.0373,1.03
683,160220,12:07:52,11075200,48.221214,16.377339000000003,164.7,8,3.0373,1.03
684,160220,12:07:52,11075200,48.221214,16.377339000000003,164.7,8,3.0373,1.03
685,160220,12:07:52,11075200,48.221214,16.377339000000003,164.7,8,3.0373,1.03
686,160220,12:07:52,11075200,48.221214,16.377339000000003,164.7,8,3.0373,1.03
687,160220,12:07:52,11075200,48.221214,16.377339000000003,164.7,8,3.0373,1.03
688,160220,12:08:16,11081600,48.221385,16.377095999999998,164.7,8,0.7964,1.03
689,160220,12:08:16,11081600,48.221385,16.377095999999998,164.7,8,0.7964,1.03
690,160220,12:08:16,11081600,48.221385,16.377095999999998,164.7,8,0.7964,1.03
691,160220,12:08:16,11081600,48.221385,16.377095999999998,164.7,8,0.7964,1.03
692,160220,12:08:26,11082600,48.221410999999996,16.3771,166.7,8,0.3334,1.49
693,160220,12:08:26,11082600,48.221410999999996,16.3771,166.7,8,0.3334,1.49
694,160220,12:08:26,11082600,48.221410999999996,16.3771,166.7,8,0.3334,1.49
695,160220,12:08:26,11082600,48.221410999999996,16.3771,166.7,8,0.3334,1.49
696,160220,12:08:26,11082600,48.221410999999996,16.3771,166.7,8,0.3334,1.49
697,160220,12:08:26,11082600,48.221410999999996,16.3771,166.7,8,0.3334,1.49
698,160220,12:08:26,11082600,48.221410999999996,16.3771,166.7,8,0.3334,1.49
699,160220,12:08:26,11082600,48.221410999999996,16.3771,166.7,8,0.3334,1.49
700,160220,12:08:26,11082600,48.221410999999996,16.3771,166.7,8,0.3334,1.49
701,160220,12:08:26,11082600,48.221410999999996,16.3771,166.7,8,0.3334,1.49
702,160220,12:08:26,11082600,48.221410999999996,16.3771,166.7,8,0.3334,1.49
703,160220,12:08:59,11085900,48.221646,16.376788,168.1,8,3.6114,1.5
704,160220,12:08:59,11085900,48.221646,16.376788,168.1,8,3.6114,1.5
705,160220,12:08:59,11085900,48.221646,16.376788,168.1,8,3.6114,1.5
706,160220,12:08:59,11085900,48.221646,16.376788,168.1,8,3.6114,1.5
707,160220,12:08:59,11085900,48.221646,16.376788,168.1,8,3.6114,1.5
708,160220,12:08:59,11085900,48.221646,16.376788,168.1,8,3.6114,1.5
709,160220,12:08:59,11085900,48.221646,16.376788,168.1,8,3.6114,1.5
710,160220,12:08:59,11085900,48.221646,16.376788,168.1,8,3.6114,1.5
711,160220,12:08:59,11085900,48.221646,16.376788,168.1,8,3.6114,1.5
712,160220,12:08:59,11085900,48.221646,16.376788,168.1,8,3.6114,1.5
713,160220,12:08:59,11085900,48.221646,16.376788,168.1,8,3.6114,1.5
714,160220,12:08:59,11085900,48.221646,16.376788,168.1,8,3.6114,1.5
715,160220,12:08:59,11085900,48.221646,16.376788,168.1,8,3.6114,1.5
716,160220,12:08:59,11085900,48.221646,16.376788,168.1,8,3.6114,1.5
717,160220,12:09:43,11094300,48.221975,16.376341,165.2,8,3.1484,1.51
718,160220,12:09:43,11094300,48.221975,16.376341,165.2,8,3.1484,1.51
719,160220,12:09:43,11094300,48.221975,16.376341,165.2,8,3.1484,1.51
720,160220,12:09:43,11094300,48.221975,16.376341,165.2,8,3.1484,1.51
721,160220,12:09:43,11094300,48.221975,16.376341,165.2,8,3.1484,1.51
722,160220,12:09:43,11094300,48.221975,16.376341,165.2,8,3.1484,1.51
723,160220,12:09:43,11094300,48.221975,16.376341,165.2,8,3.1484,1.51
724,160220,12:09:43,11094300,48.221975,16.376341,165.2,8,3.1484,1.51
725,160220,12:09:43,11094300,48.221975,16.376341,165.2,8,3.1484,1.51
726,160220,12:09:43,11094300,48.221975,16.376341,165.2,8,3.1484,1.51
727,160220,12:10:13,11101300,48.222126,16.376082,168.2,8,0.1296,1.51
728,160220,12:10:13,11101300,48.222126,16.376082,168.2,8,0.1296,1.51
729,160220,12:10:13,11101300,48.222126,16.376082,168.2,8,0.1296,1.51
730,160220,12:10:13,11101300,48.222126,16.376082,168.2,8,0.1296,1.51
731,160220,12:10:13,11101300,48.222126,16.376082,168.2,8,0.1296,1.51
732,160220,12:10:13,11101300,48.222126,16.376082,168.2,8,0.1296,1.51
733,160220,12:10:13,11101300,48.222126,16.376082,168.2,8,0.1296,1.51
734,160220,12:10:13,11101300,48.222126,16.376082,168.2,8,0.1296,1.51
735,160220,12:10:13,11101300,48.222126,16.376082,168.2,8,0.1296,1.51
736,160220,12:10:13,11101300,48.222126,16.376082,168.2,8,0.1296,1.51
737,160220,12:10:13,11101300,48.222126,16.376082,168.2,8,0.1296,1.51
738,160220,12:10:13,11101300,48.222126,16.376082,168.2,8,0.1296,1.51
739,160220,12:10:13,11101300,48.222126,16.376082,168.2,8,0.1296,1.51
740,160220,12:10:13,11101300,48.222126,16.376082,168.2,8,0.1296,1.51
741,160220,12:10:13,11101300,48.222126,16.376082,168.2,8,0.1296,1.51
742,160220,12:10:13,11101300,48.222126,16.376082,168.2,8,0.1296,1.51
743,160220,12:10:13,11101300,48.222126,16.376082,168.2,8,0.1296,1.51
744,160220,12:10:13,11101300,48.222126,16.376082,168.2,8,0.1296,1.51
745,160220,12:10:13,11101300,48.222126,16.376082,168.2,8,0.1296,1.51
746,160220,12:10:13,11101300,48.222126,16.376082,168.2,8,0.1296,1.51
747,160220,12:10:13,11101300,48.222126,16.376082,168.2,8,0.1296,1.51
748,160220,12:10:13,11101300,48.222126,16.376082,168.2,8,0.1296,1.51
749,160220,12:10:13,11101300,48.222126,16.376082,168.2,8,0.1296,1.51
750,160220,12:10:13,11101300,48.222126,16.376082,168.2,8,0.1296,1.51
751,160220,12:10:13,11101300,48.222126,16.376082,168.2,8,0.1296,1.51
752,160220,12:10:13,11101300,48.222126,16.376082,168.2,8,0.1296,1.51
753,160220,12:10:13,11101300,48.222126,16.376082,168.2,8,0.1296,1.51
754,160220,12:10:13,11101300,48.222126,16.376082,168.2,8,0.1296,1.51
755,160220,12:10:13,11101300,48.222126,16.376082,168.2,8,0.1296,1.51
756,160220,12:10:13,11101300,48.222126,16.376082,168.2,8,0.1296,1.51
757,160220,12:10:13,11101300,48.222126,16.376082,168.2,8,0.1296,1.51
758,160220,12:10:13,11101300,48.222126,16.376082,168.2,8,0.1296,1.51
759,160220,12:10:13,11101300,48.222126,16.376082,168.2,8,0.1296,1.51
760,160220,12:10:13,11101300,48.222126,16.376082,168.2,8,0.1296,1.51
761,160220,12:10:13,11101300,48.222126,16.376082,168.2,8,0.1296,1.51
762,160220,12:10:13,11101300,48.222126,16.376082,168.2,8,0.1296,1.51
763,160220,12:10:13,11101300,48.222126,16.376082,168.2,8,0.1296,1.51
764,160220,12:10:13,11101300,48.222126,16.376082,168.2,8,0.1296,1.51
765,160220,12:10:13,11101300,48.222126,16.376082,168.2,8,0.1296,1.51
766,160220,12:10:13,11101300,48.222126,16.376082,168.2,8,0.1296,1.51
767,160220,12:10:13,11101300,48.222126,16.376082,168.2,8,0.1296,1.51
768,160220,12:10:13,11101300,48.222126,16.376082,168.2,8,0.1296,1.51
769,160220,12:10:13,11101300,48.222126,16.376082,168.2,8,0.1296,1.51
770,160220,12:10:13,11101300,48.222126,16.376082,168.2,8,0.1296,1.51
771,160220,12:10:13,11101300,48.222126,16.376082,168.2,8,0.1296,1.51
772,160220,12:10:13,11101300,48.222126,16.376082,168.2,8,0.1296,1.51
773,160220,12:10:13,11101300,48.222126,16.376082,168.2,8,0.1296,1.51
774,160220,12:10:13,11101300,48.222126,16.376082,168.2,8,0.1296,1.51
775,160220,12:10:13,11101300,48.222126,16.376082,168.2,8,0.1296,1.51
776,160220,12:10:13,11101300,48.222126,16.376082,168.2,8,0.1296,1.51
777,160220,12:10:13,11101300,48.222126,16.376082,168.2,8,0.1296,1.51
778,160220,12:10:13,11101300,48.222126,16.376082,168.2,8,0.1296,1.51
779,160220,12:10:13,11101300,48.222126,16.376082,168.2,8,0.1296,1.51
780,160220,12:10:13,11101300,48.222126,16.376082,168.2,8,0.1296,1.51
781,160220,12:10:13,11101300,48.222126,16.376082,168.2,8,0.1296,1.51
782,160220,12:10:13,11101300,48.222126,16.376082,168.2,8,0.1296,1.51
783,160220,12:10:13,11101300,48.222126,16.376082,168.2,8,0.1296,1.51
784,160220,12:10:13,11101300,48.222126,16.376082,168.2,8,0.1296,1.51
785,160220,12:10:13,11101300,48.222126,16.376082,168.2,8,0.1296,1.51
786,160220,12:10:13,11101300,48.222126,16.376082,168.2,8,0.1296,1.51
787,160220,12:10:13,11101300,48.222126,16.376082,168.2,8,0.1296,1.51
788,160220,12:10:13,11101300,48.222126,16.376082,168.2,8,0.1296,1.51
789,160220,12:10:13,11101300,48.222126,16.376082,168.2,8,0.1296,1.51
790,160220,12:10:13,11101300,48.222126,16.376082,168.2,8,0.1296,1.51
791,160220,12:10:13,11101300,48.222126,16.376082,168.2,8,0.1296,1.51
792,160220,12:10:13,11101300,48.222126,16.376082,168.2,8,0.1296,1.51
793,160220,12:10:13,11101300,48.222126,16.376082,168.2,8,0.1296,1.51
794,160220,12:10:13,11101300,48.222126,16.376082,168.2,8,0.1296,1.51
795,160220,12:10:13,11101300,48.222126,16.376082,168.2,8,0.1296,1.51
796,160220,12:10:13,11101300,48.222126,16.376082,168.2,8,0.1296,1.51
797,160220,12:10:13,11101300,48.222126,16.376082,168.2,8,0.1296,1.51
798,160220,12:10:13,11101300,48.222126,16.376082,168.2,8,0.1296,1.51
799,160220,12:10:13,11101300,48.222126,16.376082,168.2,8,0.1296,1.51
800,160220,12:10:13,11101300,48.222126,16.376082,168.2,8,0.1296,1.51
801,160220,12:10:13,11101300,48.222126,16.376082,168.2,8,0.1296,1.51
802,160220,12:10:13,11101300,48.222126,16.376082,168.2,8,0.1296,1.51
803,160220,12:10:13,11101300,48.222126,16.376082,168.2,8,0.1296,1.51
804,160220,12:10:13,11101300,48.222126,16.376082,168.2,8,0.1296,1.51
805,160220,12:14:07,11140700,48.22167,16.373946,168.2,8,0.037,1.51
806,160220,12:14:10,11141000,48.221659,16.373945000000003,196.5,7,0.0556,1.08
807,160220,12:14:12,11141200,48.221653,16.373945000000003,197.2,8,0.037,1.08
808,160220,12:14:12,11141200,48.221653,16.373945000000003,197.2,8,0.037,1.08
809,160220,12:14:12,11141200,48.221653,16.373945000000003,197.2,8,0.037,1.08
810,160220,12:14:12,11141200,48.221653,16.373945000000003,197.2,8,0.037,1.08
811,160220,12:14:12,11141200,48.221653,16.373945000000003,197.2,8,0.037,1.08
812,160220,12:14:12,11141200,48.221653,16.373945000000003,197.2,8,0.037,1.08
813,160220,12:14:12,11141200,48.221653,16.373945000000003,197.2,8,0.037,1.08
814,160220,12:14:12,11141200,48.221653,16.373945000000003,197.2,8,0.037,1.08
815,160220,12:14:12,11141200,48.221653,16.373945000000003,197.2,8,0.037,1.08
816,160220,12:14:12,11141200,48.221653,16.373945000000003,197.2,8,0.037,1.08
817,160220,12:14:12,11141200,48.221653,16.373945000000003,197.2,8,0.037,1.08
818,160220,12:14:12,11141200,48.221653,16.373945000000003,197.2,8,0.037,1.08
819,160220,12:14:47,11144700,48.222066999999996,16.373461,197.2,8,2.8336,1.08
820,160220,12:14:50,11145000,48.222093,16.373422,197.2,8,3.7225,1.08
821,160220,12:14:53,11145300,48.222115,16.373379,197.2,8,4.4263,1.08
822,160220,12:14:53,11145300,48.222115,16.373379,197.2,8,4.4263,1.08
823,160220,12:14:59,11145900,48.222190000000005,16.373276,197.2,8,4.3152,1.08
824,160220,12:15:02,11150200,48.222214,16.373231,197.2,8,5.1856,1.08
825,160220,12:15:05,11150500,48.222232,16.373184,197.2,8,4.2596,1.08
826,160220,12:15:08,11150800,48.222253,16.373148999999998,197.2,8,4.0744,1.08
827,160220,12:15:11,11151100,48.222268,16.373113,197.2,8,2.0742,1.08
828,160220,12:15:14,11151400,48.222289,16.373097,197.2,8,1.889,1.08
829,160220,12:15:17,11151700,48.222319,16.373036,197.2,8,4.63,1.08
830,160220,12:15:20,11152000,48.222338,16.372969,197.2,8,4.13,1.08
831,160220,12:15:23,11152300,48.22237,16.372927,197.2,8,4.13,1.08
832,160220,12:15:26,11152600,48.22237,16.372867000000003,197.2,8,2.8891,1.08
833,160220,12:15:29,11152900,48.222384999999996,16.372834,197.2,8,0.8704,1.08
834,160220,12:15:32,11153200,48.222398999999996,16.372806,197.2,8,1.8335,1.08
835,160220,12:15:35,11153500,48.222405,16.372799,197.2,8,0.5556,1.08
836,160220,12:15:38,11153800,48.222436,16.372778,197.2,8,2.4632,1.08
837,160220,12:15:44,11154400,48.222503,16.372788,186.1,6,4.9078,1.84
838,160220,12:15:47,11154700,48.22255,16.372806,186.2,6,5.6671,3.72
839,160220,12:15:50,11155000,48.222588,16.372826999999997,186.1,7,5.056,2.52
840,160220,12:15:53,11155300,48.222646000000005,16.372863,186.6,8,6.3709,2.52
841,160220,12:15:56,11155600,48.222665,16.372906,188.5,7,3.0928,1.84
842,160220,12:15:59,11155900,48.222685999999996,16.37295,190.9,8,3.8336,1.84
843,160220,12:16:02,11160200,48.222715,16.373002,193.0,8,4.9263,1.03
844,160220,12:16:05,11160500,48.222746,16.37305,194.6,5,3.8336,3.7
845,160220,12:16:08,11160800,48.222774,16.373059,196.1,6,2.2409,2.52
846,160220,12:16:11,11161100,48.222809000000005,16.373070000000002,197.0,6,3.9818,2.52
847,160220,12:16:14,11161400,48.222834999999996,16.373079999999998,198.2,8,4.204,2.27
848,160220,12:16:17,11161700,48.222851,16.373124,200.2,8,3.0743,1.57
849,160220,12:16:20,11162000,48.222894000000004,16.373148999999998,200.9,7,4.7041,2.27
850,160220,12:16:23,11162300,48.222938,16.373179,201.6,7,4.7596,2.27
851,160220,12:16:26,11162600,48.222975,16.373215,203.0,8,5.3893,1.57
852,160220,12:16:29,11162900,48.223017,16.373237,203.7,7,4.5374,1.57
853,160220,12:16:32,11163200,48.223055,16.373272,204.1,7,3.7596,1.57
854,160220,12:16:35,11163500,48.223095,16.373307,204.6,8,4.6115,1.57
855,160220,12:16:38,11163800,48.223143,16.373332,204.0,7,5.4819,1.57
856,160220,12:16:41,11164100,48.223192,16.373347,203.4,8,5.8153,1.57
857,160220,12:16:44,11164400,48.223221,16.373376999999998,202.3,7,4.5559,1.57
858,160220,12:16:47,11164700,48.223244,16.373432,204.0,7,5.13,2.27
859,160220,12:16:50,11165000,48.223279,16.373473999999998,204.5,7,5.4819,1.85
860,160220,12:16:53,11165300,48.223317,16.373520000000003,204.3,6,5.7597,2.27
861,160220,12:16:56,11165600,48.223335999999996,16.373587,203.8,7,4.1485,1.58
862,160220,12:16:59,11165900,48.22336,16.373666,200.1,7,5.1671,2.26
863,160220,12:17:02,11170200,48.223375,16.373732999999998,196.2,8,4.5004,1.85
864,160220,12:17:05,11170500,48.223384,16.373804999999997,192.0,7,3.9262,1.58
865,160220,12:17:08,11170800,48.223393,16.373858,188.2,7,3.8522,1.92
866,160220,12:17:11,11171100,48.223416,16.373903,183.3,8,4.2966,1.58
867,160220,12:17:14,11171400,48.22348,16.373903,176.1,7,5.0189,1.58
868,160220,12:17:17,11171700,48.223519,16.373923,173.4,7,4.204,1.58
869,160220,12:17:20,11172000,48.223539,16.373947,171.5,7,2.1298,1.58
870,160220,12:17:23,11172300,48.223539,16.373954,170.8,7,0.3519,1.58
871,160220,12:17:26,11172600,48.223542,16.373955,170.1,7,0.2778,1.58
872,160220,12:17:29,11172900,48.223542,16.373955,169.7,7,0.1852,1.58
873,160220,12:17:32,11173200,48.223546,16.373959,169.8,7,0.2037,1.58
874,160220,12:17:35,11173500,48.223551,16.373965,169.7,8,0.0556,1.58
875,160220,12:17:38,11173800,48.223556,16.37397,169.6,7,0.1667,1.58
876,160220,12:17:41,11174100,48.22357,16.373971,169.0,7,3.3336,1.58
877,160220,12:17:44,11174400,48.223608,16.373975,168.5,7,5.1115,1.58
878,160220,12:17:47,11174700,48.223646,16.373974,168.2,7,3.9448,1.58
879,160220,12:17:50,11175000,48.223658,16.373939,167.3,8,3.9077,1.58
880,160220,12:17:53,11175300,48.223667,16.373897,167.2,7,3.7966,1.59
881,160220,12:17:56,11175600,48.223675,16.373859,167.2,7,2.6484,1.59
882,160220,12:17:59,11175900,48.223687,16.373843,166.9,7,1.1297,1.92
883,160220,12:18:02,11180200,48.223693,16.373809,166.3,7,3.7225,1.59
884,160220,12:18:05,11180500,48.2237,16.373772,166.1,7,2.6113,1.59
885,160220,12:18:08,11180800,48.223712,16.373739999999998,166.7,7,3.3892,1.59
886,160220,12:18:11,11181100,48.223732,16.373704999999998,167.2,8,4.2596,1.59
887,160220,12:18:14,11181400,48.223753,16.373666,167.6,8,3.3892,1.59
888,160220,12:18:17,11181700,48.223784,16.373628,167.6,8,3.667,1.09
889,160220,12:18:20,11182000,48.223807,16.373598,167.3,8,3.5188,1.03
890,160220,12:18:23,11182300,48.223836999999996,16.373564000000002,166.2,8,3.5003,1.03
891,160220,12:18:26,11182600,48.223878000000006,16.373519,167.5,8,4.1114,1.03
892,160220,12:18:29,11182900,48.223917,16.373476,167.6,8,4.5374,1.03
893,160220,12:18:32,11183200,48.223943,16.373448,169.2,7,2.2409,1.85
894,160220,12:18:35,11183500,48.223936,16.373410999999997,168.2,7,0.2963,1.85
895,160220,12:18:38,11183800,48.223932,16.373404,167.1,8,1.2223,1.85
896,160220,12:18:41,11184100,48.223918,16.373403,165.9,8,0.3889,1.08
897,160220,12:18:44,11184400,48.223962,16.373389000000003,162.9,8,16.2976,1.03
898,160220,12:18:47,11184700,48.223973,16.373355,162.3,8,3.5558,1.09
899,160220,12:18:50,11185000,48.22399,16.373310999999998,165.6,8,8.9266,1.03
900,160220,12:18:53,11185300,48.224026,16.373292000000003,167.1,8,2.315,1.6
901,160220,12:18:56,11185600,48.224052,16.373257000000002,170.0,8,3.704,1.6
902,160220,12:18:59,11185900,48.224071,16.373205,170.2,7,4.2596,1.6
903,160220,12:19:02,11190200,48.224076000000004,16.373163,168.7,8,3.1854,1.6
904,160220,12:19:05,11190500,48.22412,16.373155,170.5,8,5.3152,1.6
905,160220,12:19:08,11190800,48.224132,16.373109,170.3,8,5.3152,1.6
906,160220,12:19:11,11191100,48.224144,16.373070000000002,169.5,7,3.7596,1.6
907,160220,12:19:14,11191400,48.224154999999996,16.373031,169.3,7,3.7596,1.6
908,160220,12:19:17,11191700,48.224199,16.372997,169.2,7,4.7596,1.6
909,160220,12:19:20,11192000,48.224233,16.372963000000002,167.2,8,4.7596,1.6
910,160220,12:19:23,11192300,48.224258,16.372918,168.1,7,4.7596,1.6
911,160220,12:19:26,11192600,48.224278000000005,16.37288,166.5,7,4.7596,1.6
912,160220,12:19:29,11192900,48.224313,16.372847,167.7,7,4.7596,1.6
913,160220,12:19:32,11193200,48.224325,16.372829,167.9,7,1.0556,1.6
914,160220,12:19:35,11193500,48.224339,16.372815,168.7,7,1.8705,1.6
915,160220,12:19:38,11193800,48.224382,16.372804000000002,171.5,8,1.8705,1.6
916,160220,12:19:41,11194100,48.224412,16.372821,170.7,8,1.8705,1.6
917,160220,12:19:44,11194400,48.224445,16.372816,168.6,8,1.8705,1.03
918,160220,12:19:47,11194700,48.224464000000005,16.372803,168.0,8,0.1296,1.03
919,160220,12:19:50,11195000,48.22448,16.372782,167.8,7,0.1296,1.6
920,160220,12:19:53,11195300,48.224494,16.372754999999998,167.5,7,2.5743,1.61
921,160220,12:19:56,11195600,48.224517,16.372721,166.3,8,2.5743,1.03
922,160220,12:19:59,11195900,48.224532,16.372679,165.9,8,2.5743,1.03
923,160220,12:20:02,11200200,48.224538,16.372637,164.3,8,2.5743,1.03
924,160220,12:20:05,11200500,48.224559,16.372601,164.3,8,2.5743,1.03
925,160220,12:20:08,11200800,48.224576,16.372564999999998,165.3,8,2.5743,1.03
926,160220,12:20:11,11201100,48.224601,16.372525,166.5,8,2.5743,1.61
927,160220,12:20:14,11201400,48.224634,16.372495999999998,168.1,8,2.5743,1.61
928,160220,12:20:17,11201700,48.224661,16.372463,168.0,8,2.5743,1.03
929,160220,12:20:20,11202000,48.224671,16.372422,168.1,7,2.5743,1.61
930,160220,12:20:23,11202300,48.224694,16.37239,167.7,7,2.5743,1.61
931,160220,12:20:26,11202600,48.22472,16.372338,169.9,7,4.2966,1.61
932,160220,12:20:29,11202900,48.224740999999995,16.372297,169.9,8,4.2966,1.76
933,160220,12:20:32,11203200,48.224748999999996,16.372263,169.5,8,3.5929,1.61
934,160220,12:20:35,11203500,48.224756,16.372231,169.3,7,3.3151,1.61
935,160220,12:20:38,11203800,48.224764,16.372195,169.3,7,3.4077,1.61
936,160220,12:20:38,11203800,48.224764,16.372195,169.3,7,3.4077,1.61
937,160220,12:20:38,11203800,48.224764,16.372195,169.3,7,3.4077,1.61
938,160220,12:20:47,11204700,48.224819000000004,16.372092000000002,169.3,7,4.2226,1.61
939,160220,12:20:50,11205000,48.224837,16.372067,170.0,7,3.1854,1.62
940,160220,12:20:54,11205400,48.224858000000005,16.372025,170.2,7,3.6299,1.62
941,160220,12:20:57,11205700,48.224875,16.371991,170.4,7,3.4447,1.62
942,160220,12:21:00,11210000,48.2249,16.371957000000002,169.5,7,3.667,1.62
943,160220,12:21:00,11210000,48.2249,16.371957000000002,169.5,7,3.667,1.62
944,160220,12:21:00,11210000,48.2249,16.371957000000002,169.5,7,3.667,1.62
945,160220,12:21:00,11210000,48.2249,16.371957000000002,169.5,7,3.667,1.62
946,160220,12:21:00,11210000,48.2249,16.371957000000002,169.5,7,3.667,1.62
947,160220,12:21:00,11210000,48.2249,16.371957000000002,169.5,7,3.667,1.62
948,160220,12:21:00,11210000,48.2249,16.371957000000002,169.5,7,3.667,1.62
949,160220,12:21:26,11212600,48.224996999999995,16.371856,176.4,8,0.0741,1.62
950,160220,12:21:26,11212600,48.224996999999995,16.371856,176.4,8,0.0741,1.62
951,160220,12:21:26,11212600,48.224996999999995,16.371856,176.4,8,0.0741,1.62
952,160220,12:21:26,11212600,48.224996999999995,16.371856,176.4,8,0.0741,1.62
953,160220,12:21:26,11212600,48.224996999999995,16.371856,176.4,8,0.0741,1.62
954,160220,12:21:26,11212600,48.224996999999995,16.371856,176.4,8,0.0741,1.62
955,160220,12:21:26,11212600,48.224996999999995,16.371856,176.4,8,0.0741,1.62
956,160220,12:21:47,11214700,48.225103999999995,16.371707999999998,176.4,8,0.1852,1.62
957,160220,12:21:47,11214700,48.225103999999995,16.371707999999998,176.4,8,0.1852,1.62
958,160220,12:21:47,11214700,48.225103999999995,16.371707999999998,176.4,8,0.1852,1.62
959,160220,12:21:47,11214700,48.225103999999995,16.371707999999998,176.4,8,0.1852,1.62
960,160220,12:21:47,11214700,48.225103999999995,16.371707999999998,176.4,8,0.1852,1.62
961,160220,12:21:47,11214700,48.225103999999995,16.371707999999998,176.4,8,0.1852,1.62
962,160220,12:21:47,11214700,48.225103999999995,16.371707999999998,176.4,8,0.1852,1.62
963,160220,12:21:47,11214700,48.225103999999995,16.371707999999998,176.4,8,0.1852,1.62
964,160220,12:21:47,11214700,48.225103999999995,16.371707999999998,176.4,8,0.1852,1.62
965,160220,12:21:47,11214700,48.225103999999995,16.371707999999998,176.4,8,0.1852,1.62
966,160220,12:21:47,11214700,48.225103999999995,16.371707999999998,176.4,8,0.1852,1.62
967,160220,12:21:47,11214700,48.225103999999995,16.371707999999998,176.4,8,0.1852,1.62
968,160220,12:21:47,11214700,48.225103999999995,16.371707999999998,176.4,8,0.1852,1.62
969,160220,12:21:47,11214700,48.225103999999995,16.371707999999998,176.4,8,0.1852,1.62
970,160220,12:21:47,11214700,48.225103999999995,16.371707999999998,176.4,8,0.1852,1.62
971,160220,12:21:47,11214700,48.225103999999995,16.371707999999998,176.4,8,0.1852,1.62
972,160220,12:21:47,11214700,48.225103999999995,16.371707999999998,176.4,8,0.1852,1.62
973,160220,12:21:47,11214700,48.225103999999995,16.371707999999998,176.4,8,0.1852,1.62
974,160220,12:21:47,11214700,48.225103999999995,16.371707999999998,176.4,8,0.1852,1.62
975,160220,12:21:47,11214700,48.225103999999995,16.371707999999998,176.4,8,0.1852,1.62
976,160220,12:21:47,11214700,48.225103999999995,16.371707999999998,176.4,8,0.1852,1.62
977,160220,12:21:47,11214700,48.225103999999995,16.371707999999998,176.4,8,0.1852,1.62
978,160220,12:21:47,11214700,48.225103999999995,16.371707999999998,176.4,8,0.1852,1.62
979,160220,12:21:47,11214700,48.225103999999995,16.371707999999998,176.4,8,0.1852,1.62
980,160220,12:21:47,11214700,48.225103999999995,16.371707999999998,176.4,8,0.1852,1.62
981,160220,12:21:47,11214700,48.225103999999995,16.371707999999998,176.4,8,0.1852,1.62
982,160220,12:21:47,11214700,48.225103999999995,16.371707999999998,176.4,8,0.1852,1.62
983,160220,12:21:47,11214700,48.225103999999995,16.371707999999998,176.4,8,0.1852,1.62
984,160220,12:21:47,11214700,48.225103999999995,16.371707999999998,176.4,8,0.1852,1.62
985,160220,12:21:47,11214700,48.225103999999995,16.371707999999998,176.4,8,0.1852,1.62
986,160220,12:21:47,11214700,48.225103999999995,16.371707999999998,176.4,8,0.1852,1.62
987,160220,12:21:47,11214700,48.225103999999995,16.371707999999998,176.4,8,0.1852,1.62
988,160220,12:21:47,11214700,48.225103999999995,16.371707999999998,176.4,8,0.1852,1.62
989,160220,12:21:47,11214700,48.225103999999995,16.371707999999998,176.4,8,0.1852,1.62
990,160220,12:21:47,11214700,48.225103999999995,16.371707999999998,176.4,8,0.1852,1.62
991,160220,12:21:47,11214700,48.225103999999995,16.371707999999998,176.4,8,0.1852,1.62
992,160220,12:21:47,11214700,48.225103999999995,16.371707999999998,176.4,8,0.1852,1.62
993,160220,12:21:47,11214700,48.225103999999995,16.371707999999998,176.4,8,0.1852,1.62
994,160220,12:21:47,11214700,48.225103999999995,16.371707999999998,176.4,8,0.1852,1.62
995,160220,12:21:47,11214700,48.225103999999995,16.371707999999998,176.4,8,0.1852,1.62
996,160220,12:21:47,11214700,48.225103999999995,16.371707999999998,176.4,8,0.1852,1.62
997,160220,12:21:47,11214700,48.225103999999995,16.371707999999998,176.4,8,0.1852,1.62
998,160220,12:21:47,11214700,48.225103999999995,16.371707999999998,176.4,8,0.1852,1.62
999,160220,12:21:47,11214700,48.225103999999995,16.371707999999998,176.4,8,0.1852,1.62
1000,160220,12:21:47,11214700,48.225103999999995,16.371707999999998,176.4,8,0.1852,1.62
1001,160220,12:21:47,11214700,48.225103999999995,16.371707999999998,176.4,8,0.1852,1.62
1002,160220,12:21:47,11214700,48.225103999999995,16.371707999999998,176.4,8,0.1852,1.62
1003,160220,12:21:47,11214700,48.225103999999995,16.371707999999998,176.4,8,0.1852,1.62
1004,160220,12:21:47,11214700,48.225103999999995,16.371707999999998,176.4,8,0.1852,1.62
1005,160220,12:21:47,11214700,48.225103999999995,16.371707999999998,176.4,8,0.1852,1.62
1006,160220,12:21:47,11214700,48.225103999999995,16.371707999999998,176.4,8,0.1852,1.62
1007,160220,12:21:47,11214700,48.225103999999995,16.371707999999998,176.4,8,0.1852,1.62
1008,160220,12:21:47,11214700,48.225103999999995,16.371707999999998,176.4,8,0.1852,1.62
1009,160220,12:24:51,11245100,48.225925,16.36973,168.2,8,0.0556,1.03
1010,160220,12:24:51,11245100,48.225925,16.36973,168.2,8,0.0556,1.03
1011,160220,12:24:51,11245100,48.225925,16.36973,168.2,8,0.0556,1.03
1012,160220,12:24:51,11245100,48.225925,16.36973,168.2,8,0.0556,1.03
1013,160220,12:25:03,11250300,48.225958,16.369717,168.2,8,0.3334,1.03
1014,160220,12:25:03,11250300,48.225958,16.369717,168.2,8,0.3334,1.03
1015,160220,12:25:03,11250300,48.225958,16.369717,168.2,8,0.3334,1.03
1016,160220,12:25:03,11250300,48.225958,16.369717,168.2,8,0.3334,1.03
1017,160220,12:25:03,11250300,48.225958,16.369717,168.2,8,0.3334,1.03
1018,160220,12:25:03,11250300,48.225958,16.369717,168.2,8,0.3334,1.03
1019,160220,12:25:03,11250300,48.225958,16.369717,168.2,8,0.3334,1.03
1020,160220,12:25:03,11250300,48.225958,16.369717,168.2,8,0.3334,1.03
1021,160220,12:25:03,11250300,48.225958,16.369717,168.2,8,0.3334,1.03
1022,160220,12:25:03,11250300,48.225958,16.369717,168.2,8,0.3334,1.03
1023,160220,12:25:03,11250300,48.225958,16.369717,168.2,8,0.3334,1.03
1024,160220,12:25:03,11250300,48.225958,16.369717,168.2,8,0.3334,1.03
1025,160220,12:25:03,11250300,48.225958,16.369717,168.2,8,0.3334,1.03
1026,160220,12:25:03,11250300,48.225958,16.369717,168.2,8,0.3334,1.03
1027,160220,12:25:03,11250300,48.225958,16.369717,168.2,8,0.3334,1.03
1028,160220,12:25:03,11250300,48.225958,16.369717,168.2,8,0.3334,1.03
1029,160220,12:25:03,11250300,48.225958,16.369717,168.2,8,0.3334,1.03
1030,160220,12:25:03,11250300,48.225958,16.369717,168.2,8,0.3334,1.03
1031,160220,12:25:03,11250300,48.225958,16.369717,168.2,8,0.3334,1.03
1032,160220,12:26:00,11260000,48.226186,16.370492000000002,168.2,8,0.0741,1.03
1033,160220,12:26:02,11260200,48.226187,16.37049,166.7,9,0.1482,1.24
1034,160220,12:26:02,11260200,48.226187,16.37049,166.7,9,0.1482,1.24
1035,160220,12:26:02,11260200,48.226187,16.37049,166.7,9,0.1482,1.24
1036,160220,12:26:02,11260200,48.226187,16.37049,166.7,9,0.1482,1.24
1037,160220,12:26:02,11260200,48.226187,16.37049,166.7,9,0.1482,1.24
1038,160220,12:26:02,11260200,48.226187,16.37049,166.7,9,0.1482,1.24
1039,160220,12:26:02,11260200,48.226187,16.37049,166.7,9,0.1482,1.24
1040,160220,12:26:02,11260200,48.226187,16.37049,166.7,9,0.1482,1.24
1041,160220,12:26:02,11260200,48.226187,16.37049,166.7,9,0.1482,1.24
1042,160220,12:26:29,11262900,48.226433,16.370325,166.7,9,3.8892,1.24
1043,160220,12:26:29,11262900,48.226433,16.370325,166.7,9,3.8892,1.24
1044,160220,12:26:29,11262900,48.226433,16.370325,166.7,9,3.8892,1.24
1045,160220,12:26:29,11262900,48.226433,16.370325,166.7,9,3.8892,1.24
1046,160220,12:26:29,11262900,48.226433,16.370325,166.7,9,3.8892,1.24
1047,160220,12:26:29,11262900,48.226433,16.370325,166.7,9,3.8892,1.24
1048,160220,12:26:29,11262900,48.226433,16.370325,166.7,9,3.8892,1.24
1049,160220,12:26:29,11262900,48.226433,16.370325,166.7,9,3.8892,1.24
1050,160220,12:26:29,11262900,48.226433,16.370325,166.7,9,3.8892,1.24
1051,160220,12:26:29,11262900,48.226433,16.370325,166.7,9,3.8892,1.24
1052,160220,12:26:29,11262900,48.226433,16.370325,166.7,9,3.8892,1.24
1053,160220,12:26:29,11262900,48.226433,16.370325,166.7,9,3.8892,1.24
1054,160220,12:26:29,11262900,48.226433,16.370325,166.7,9,3.8892,1.24
1055,160220,12:26:29,11262900,48.226433,16.370325,166.7,9,3.8892,1.24
1056,160220,12:27:11,11271100,48.226433,16.370325,166.7,9,3.8892,1.24
1057,160220,12:27:11,11271100,48.226433,16.370325,166.7,9,3.8892,1.24
1058,160220,12:27:11,11271100,48.226433,16.370325,166.7,9,3.8892,1.24
1059,160220,12:27:23,11272300,48.226452,16.370204,175.7,6,2.0187,1.56
1060,160220,12:27:26,11272600,48.226447,16.37022,175.4,6,3.1854,1.56
1061,160220,12:27:29,11272900,48.226440000000004,16.370186999999998,175.4,5,3.0743,3.74
1062,160220,12:27:32,11273200,48.226415,16.370144,175.3,7,4.0744,3.74
1063,160220,12:27:35,11273500,48.226385,16.370075,175.4,9,5.4449,3.75
1064,160220,12:27:38,11273800,48.226364000000004,16.370033,174.8,9,6.445,1.27
1065,160220,12:27:41,11274100,48.226418,16.370098000000002,174.5,7,2.4076,1.79
1066,160220,12:27:44,11274400,48.226431,16.370139,174.1,8,1.0927,2.79
1067,160220,12:27:47,11274700,48.226406,16.370142,173.0,8,1.4816,2.79
1068,160220,12:27:50,11275000,48.226377,16.370096,172.3,8,0.8149,1.57
1069,160220,12:27:53,11275300,48.226219,16.370077,171.2,9,2.741,1.24
1070,160220,12:27:56,11275600,48.226174,16.370062,170.1,8,0.8149,1.41
1071,160220,12:27:59,11275900,48.226146,16.370082999999997,170.7,8,3.5003,1.57
1072,160220,12:28:02,11280200,48.226234000000005,16.370207,166.6,9,4.6856,1.24
1073,160220,12:28:05,11280500,48.226324,16.370318,164.9,8,2.9076,1.24
1074,160220,12:28:08,11280800,48.226376,16.37037,164.5,8,4.8337,1.24
1075,160220,12:28:11,11281100,48.226411,16.370426000000002,163.0,7,3.0928,1.41
1076,160220,12:28:14,11281400,48.226442999999996,16.370479,162.7,7,2.5558,1.41
1077,160220,12:28:17,11281700,48.226461,16.370511999999998,162.5,7,0.963,1.41
1078,160220,12:28:20,11282000,48.226481,16.370538,164.0,8,0.7223,1.41
1079,160220,12:28:23,11282300,48.226492,16.370557,165.4,8,0.8334,1.41
1080,160220,12:28:26,11282600,48.226506,16.370575,168.2,9,0.2778,1.41
1081,160220,12:28:28,11282800,48.226516,16.370587,169.3,7,0.2778,1.41
1082,160220,12:28:28,11282800,48.226516,16.370587,169.3,7,0.2778,1.41
1083,160220,12:28:28,11282800,48.226516,16.370587,169.3,7,0.2778,1.41
1084,160220,12:28:28,11282800,48.226516,16.370587,169.3,7,0.2778,1.41
1085,160220,12:28:28,11282800,48.226516,16.370587,169.3,7,0.2778,1.41
1086,160220,12:28:28,11282800,48.226516,16.370587,169.3,7,0.2778,1.41
1087,160220,12:28:28,11282800,48.226516,16.370587,169.3,7,0.2778,1.41
1088,160220,12:28:28,11282800,48.226516,16.370587,169.3,7,0.2778,1.41
1089,160220,12:28:28,11282800,48.226516,16.370587,169.3,7,0.2778,1.41
1090,160220,12:28:28,11282800,48.226516,16.370587,169.3,7,0.2778,1.41
1091,160220,12:28:28,11282800,48.226516,16.370587,169.3,7,0.2778,1.41
1092,160220,12:28:28,11282800,48.226516,16.370587,169.3,7,0.2778,1.41
1093,160220,12:28:28,11282800,48.226516,16.370587,169.3,7,0.2778,1.41
1094,160220,12:28:28,11282800,48.226516,16.370587,169.3,7,0.2778,1.41
1095,160220,12:28:28,11282800,48.226516,16.370587,169.3,7,0.2778,1.41
1096,160220,12:28:28,11282800,48.226516,16.370587,169.3,7,0.2778,1.41
1097,160220,12:28:28,11282800,48.226516,16.370587,169.3,7,0.2778,1.41
1098,160220,12:28:28,11282800,48.226516,16.370587,169.3,7,0.2778,1.41
1099,160220,12:28:28,11282800,48.226516,16.370587,169.3,7,0.2778,1.41
1100,160220,12:28:28,11282800,48.226516,16.370587,169.3,7,0.2778,1.41
1101,160220,12:28:28,11282800,48.226516,16.370587,169.3,7,0.2778,1.41
1102,160220,12:28:28,11282800,48.226516,16.370587,169.3,7,0.2778,1.41
1103,160220,12:28:28,11282800,48.226516,16.370587,169.3,7,0.2778,1.41
1104,160220,12:28:28,11282800,48.226516,16.370587,169.3,7,0.2778,1.41
1105,160220,12:28:28,11282800,48.226516,16.370587,169.3,7,0.2778,1.41
1106,160220,12:28:28,11282800,48.226516,16.370587,169.3,7,0.2778,1.41
1107,160220,12:28:28,11282800,48.226516,16.370587,169.3,7,0.2778,1.41
1108,160220,12:28:28,11282800,48.226516,16.370587,169.3,7,0.2778,1.41
1109,160220,12:28:28,11282800,48.226516,16.370587,169.3,7,0.2778,1.41
1110,160220,12:28:28,11282800,48.226516,16.370587,169.3,7,0.2778,1.41
1111,160220,12:28:28,11282800,48.226516,16.370587,169.3,7,0.2778,1.41
1112,160220,12:28:28,11282800,48.226516,16.370587,169.3,7,0.2778,1.41
1113,160220,12:28:28,11282800,48.226516,16.370587,169.3,7,0.2778,1.41
1114,160220,12:28:28,11282800,48.226516,16.370587,169.3,7,0.2778,1.41
1115,160220,12:28:28,11282800,48.226516,16.370587,169.3,7,0.2778,1.41
1116,160220,12:28:28,11282800,48.226516,16.370587,169.3,7,0.2778,1.41
1117,160220,12:28:28,11282800,48.226516,16.370587,169.3,7,0.2778,1.41
1118,160220,12:28:28,11282800,48.226516,16.370587,169.3,7,0.2778,1.41
1119,160220,12:28:28,11282800,48.226516,16.370587,169.3,7,0.2778,1.41
1120,160220,12:28:28,11282800,48.226516,16.370587,169.3,7,0.2778,1.41
1121,160220,12:28:28,11282800,48.226516,16.370587,169.3,7,0.2778,1.41
1122,160220,12:28:28,11282800,48.226516,16.370587,169.3,7,0.2778,1.41
1123,160220,12:28:28,11282800,48.226516,16.370587,169.3,7,0.2778,1.41
1124,160220,12:28:28,11282800,48.226516,16.370587,169.3,7,0.2778,1.41
1125,160220,12:28:28,11282800,48.226516,16.370587,169.3,7,0.2778,1.41
1126,160220,12:28:28,11282800,48.226516,16.370587,169.3,7,0.2778,1.41
1127,160220,12:28:28,11282800,48.226516,16.370587,169.3,7,0.2778,1.41
1128,160220,12:28:28,11282800,48.226516,16.370587,169.3,7,0.2778,1.41
1129,160220,12:28:28,11282800,48.226516,16.370587,169.3,7,0.2778,1.41
1130,160220,12:28:28,11282800,48.226516,16.370587,169.3,7,0.2778,1.41
1131,160220,12:28:28,11282800,48.226516,16.370587,169.3,7,0.2778,1.41
1132,160220,12:28:28,11282800,48.226516,16.370587,169.3,7,0.2778,1.41
1133,160220,12:28:28,11282800,48.226516,16.370587,169.3,7,0.2778,1.41
1134,160220,12:28:28,11282800,48.226516,16.370587,169.3,7,0.2778,1.41
1135,160220,12:28:28,11282800,48.226516,16.370587,169.3,7,0.2778,1.41
1136,160220,12:28:28,11282800,48.226516,16.370587,169.3,7,0.2778,1.41
1137,160220,12:31:17,11311700,48.225895,16.372647,169.3,7,3.3706,1.41
1138,160220,12:31:17,11311700,48.225895,16.372647,169.3,7,3.3706,1.41
1139,160220,12:31:17,11311700,48.225895,16.372647,169.3,7,3.3706,1.41
1140,160220,12:31:17,11311700,48.225895,16.372647,169.3,7,3.3706,1.41
1141,160220,12:31:17,11311700,48.225895,16.372647,169.3,7,3.3706,1.41
1142,160220,12:31:17,11311700,48.225895,16.372647,169.3,7,3.3706,1.41
1143,160220,12:31:17,11311700,48.225895,16.372647,169.3,7,3.3706,1.41
1144,160220,12:31:17,11311700,48.225895,16.372647,169.3,7,3.3706,1.41
1145,160220,12:31:17,11311700,48.225895,16.372647,169.3,7,3.3706,1.41
1146,160220,12:31:17,11311700,48.225895,16.372647,169.3,7,3.3706,1.41
1147,160220,12:31:17,11311700,48.225895,16.372647,169.3,7,3.3706,1.41
1148,160220,12:31:17,11311700,48.225895,16.372647,169.3,7,3.3706,1.41
1149,160220,12:31:17,11311700,48.225895,16.372647,169.3,7,3.3706,1.41
1150,160220,12:31:17,11311700,48.225895,16.372647,169.3,7,3.3706,1.41
1151,160220,12:31:17,11311700,48.225895,16.372647,169.3,7,3.3706,1.41
1152,160220,12:31:17,11311700,48.225895,16.372647,169.3,7,3.3706,1.41
1153,160220,12:31:17,11311700,48.225895,16.372647,169.3,7,3.3706,1.41
1154,160220,12:31:17,11311700,48.225895,16.372647,169.3,7,3.3706,1.41
1155,160220,12:31:17,11311700,48.225895,16.372647,169.3,7,3.3706,1.41
1156,160220,12:31:17,11311700,48.225895,16.372647,169.3,7,3.3706,1.41
1157,160220,12:31:17,11311700,48.225895,16.372647,169.3,7,3.3706,1.41
1158,160220,12:31:17,11311700,48.225895,16.372647,169.3,7,3.3706,1.41
1159,160220,12:31:17,11311700,48.225895,16.372647,169.3,7,3.3706,1.41
1160,160220,12:31:17,11311700,48.225895,16.372647,169.3,7,3.3706,1.41
1161,160220,12:31:17,11311700,48.225895,16.372647,169.3,7,3.3706,1.41
1162,160220,12:31:17,11311700,48.225895,16.372647,169.3,7,3.3706,1.41
1163,160220,12:31:17,11311700,48.225895,16.372647,169.3,7,3.3706,1.41
1164,160220,12:31:17,11311700,48.225895,16.372647,169.3,7,3.3706,1.41
1165,160220,12:31:17,11311700,48.225895,16.372647,169.3,7,3.3706,1.41
1166,160220,12:31:17,11311700,48.225895,16.372647,169.3,7,3.3706,1.41
1167,160220,12:31:17,11311700,48.225895,16.372647,169.3,7,3.3706,1.41
1168,160220,12:31:17,11311700,48.225895,16.372647,169.3,7,3.3706,1.41
1169,160220,12:32:54,11325400,48.224802000000004,16.373483,161.7,8,2.5928,1.26
1170,160220,12:32:57,11325700,48.224779,16.373534,161.7,8,5.2782,1.26
1171,160220,12:33:00,11330000,48.224753,16.373606,161.7,8,6.4635,1.26
1172,160220,12:33:03,11330300,48.224716,16.373663,161.7,8,7.1487,1.26
1173,160220,12:33:06,11330600,48.224698,16.373725,161.7,8,5.7968,1.26
1174,160220,12:33:09,11330900,48.224687,16.373768,161.7,8,3.6114,1.26
1175,160220,12:33:12,11331200,48.224671,16.373806,161.7,8,4.4448,1.26
1176,160220,12:33:15,11331500,48.224647,16.373843,161.7,8,4.9819,1.26
1177,160220,12:33:18,11331800,48.224616999999995,16.373892,161.7,8,4.5189,1.26
1178,160220,12:33:21,11332100,48.224595,16.373926,161.7,8,5.7412,1.26
1179,160220,12:33:24,11332400,48.224578,16.373975,161.7,8,2.6854,1.26
1180,160220,12:33:27,11332700,48.224564,16.374042000000003,161.7,8,2.8521,1.26
1181,160220,12:33:30,11333000,48.224540000000005,16.374067,161.7,8,3.0743,1.26
1182,160220,12:33:33,11333300,48.224513,16.374105,161.7,8,5.7412,1.26
1183,160220,12:33:36,11333600,48.224483,16.374157,161.7,8,3.1669,1.26
1184,160220,12:33:39,11333900,48.224453999999994,16.374211,161.7,8,6.2227,1.26
1185,160220,12:33:42,11334200,48.224429,16.374267,161.7,8,4.7041,1.26
1186,160220,12:33:45,11334500,48.224403,16.374318,161.7,8,3.9262,1.26
1187,160220,12:33:48,11334800,48.224378,16.374369,161.7,8,4.2226,1.26
1188,160220,12:33:51,11335100,48.224353,16.374425,161.7,8,5.9264,1.26
1189,160220,12:33:54,11335400,48.224334999999996,16.374479,161.7,8,2.9817,1.26
1190,160220,12:33:57,11335700,48.224319,16.374534,161.7,8,3.8151,1.26
1191,160220,12:34:00,11340000,48.224297,16.374598000000002,161.7,8,3.667,1.26
1192,160220,12:34:03,11340300,48.224278999999996,16.37464,161.7,8,3.2595,1.26
1193,160220,12:34:06,11340600,48.224243,16.374659,161.7,8,2.9632,1.26
1194,160220,12:34:09,11340900,48.224215,16.374689,161.7,8,2.4817,1.26
1195,160220,12:34:12,11341200,48.224201,16.374747,164.9,9,3.6855,1.26
1196,160220,12:34:15,11341500,48.224176,16.374814999999998,164.3,9,4.9448,1.26
1197,160220,12:34:18,11341800,48.224142,16.374875,164.3,9,6.2042,1.26
1198,160220,12:34:21,11342100,48.224111,16.374934,164.3,9,5.4634,1.26
1199,160220,12:34:24,11342400,48.224083,16.374979,164.3,9,4.6856,1.26
1200,160220,12:34:27,11342700,48.224063,16.375022,164.3,9,4.5004,1.26
1201,160220,12:34:30,11343000,48.224035,16.375064000000002,164.3,9,4.0929,1.26
1202,160220,12:34:33,11343300,48.224028000000004,16.3751,164.3,9,0.1111,1.26
1203,160220,12:34:36,11343600,48.22403,16.375110999999997,166.7,9,0.1482,1.26
1204,160220,12:34:39,11343900,48.224024,16.375117000000003,168.1,9,0.2222,1.26
1205,160220,12:34:39,11343900,48.224024,16.375117000000003,168.1,9,0.2222,1.26
1206,160220,12:34:43,11344300,48.224012,16.375121,167.2,8,0.0741,1.39
1207,160220,12:34:43,11344300,48.224012,16.375121,167.2,8,0.0741,1.39
1208,160220,12:34:51,11345100,48.223993,16.375117000000003,169.3,9,0.5556,1.16
1209,160220,12:34:52,11345200,48.223991999999996,16.375122,169.3,9,2.278,1.16
1210,160220,12:34:52,11345200,48.223991999999996,16.375122,169.3,9,2.278,1.16
1211,160220,12:34:52,11345200,48.223991999999996,16.375122,169.3,9,2.278,1.16
1212,160220,12:34:52,11345200,48.223991999999996,16.375122,169.3,9,2.278,1.16
1213,160220,12:34:52,11345200,48.223991999999996,16.375122,169.3,9,2.278,1.16
1214,160220,12:34:52,11345200,48.223991999999996,16.375122,169.3,9,2.278,1.16
1215,160220,12:34:52,11345200,48.223991999999996,16.375122,169.3,9,2.278,1.16
1216,160220,12:34:52,11345200,48.223991999999996,16.375122,169.3,9,2.278,1.16
1217,160220,12:34:52,11345200,48.223991999999996,16.375122,169.3,9,2.278,1.16
1218,160220,12:34:52,11345200,48.223991999999996,16.375122,169.3,9,2.278,1.16
1219,160220,12:34:52,11345200,48.223991999999996,16.375122,169.3,9,2.278,1.16
1220,160220,12:34:52,11345200,48.223991999999996,16.375122,169.3,9,2.278,1.16
1221,160220,12:34:52,11345200,48.223991999999996,16.375122,169.3,9,2.278,1.16
1222,160220,12:34:52,11345200,48.223991999999996,16.375122,169.3,9,2.278,1.16
1223,160220,12:34:52,11345200,48.223991999999996,16.375122,169.3,9,2.278,1.16
1224,160220,12:34:52,11345200,48.223991999999996,16.375122,169.3,9,2.278,1.16
1225,160220,12:34:52,11345200,48.223991999999996,16.375122,169.3,9,2.278,1.16
1226,160220,12:34:52,11345200,48.223991999999996,16.375122,169.3,9,2.278,1.16
1227,160220,12:34:52,11345200,48.223991999999996,16.375122,169.3,9,2.278,1.16
1228,160220,12:34:52,11345200,48.223991999999996,16.375122,169.3,9,2.278,1.16
1229,160220,12:34:52,11345200,48.223991999999996,16.375122,169.3,9,2.278,1.16
1230,160220,12:34:52,11345200,48.223991999999996,16.375122,169.3,9,2.278,1.16
1231,160220,12:34:52,11345200,48.223991999999996,16.375122,169.3,9,2.278,1.16
1232,160220,12:34:52,11345200,48.223991999999996,16.375122,169.3,9,2.278,1.16
1233,160220,12:34:52,11345200,48.223991999999996,16.375122,169.3,9,2.278,1.16
1234,160220,12:34:52,11345200,48.223991999999996,16.375122,169.3,9,2.278,1.16
1235,160220,12:34:52,11345200,48.223991999999996,16.375122,169.3,9,2.278,1.16
1236,160220,12:34:52,11345200,48.223991999999996,16.375122,169.3,9,2.278,1.16
1237,160220,12:34:52,11345200,48.223991999999996,16.375122,169.3,9,2.278,1.16
1238,160220,12:34:52,11345200,48.223991999999996,16.375122,169.3,9,2.278,1.16
1239,160220,12:34:52,11345200,48.223991999999996,16.375122,169.3,9,2.278,1.16
1240,160220,12:34:52,11345200,48.223991999999996,16.375122,169.3,9,2.278,1.16
1241,160220,12:34:52,11345200,48.223991999999996,16.375122,169.3,9,2.278,1.16
1242,160220,12:34:52,11345200,48.223991999999996,16.375122,169.3,9,2.278,1.16
1243,160220,12:34:52,11345200,48.223991999999996,16.375122,169.3,9,2.278,1.16
1244,160220,12:34:52,11345200,48.223991999999996,16.375122,169.3,9,2.278,1.16
1245,160220,12:34:52,11345200,48.223991999999996,16.375122,169.3,9,2.278,1.16
1246,160220,12:34:52,11345200,48.223991999999996,16.375122,169.3,9,2.278,1.16
1247,160220,12:34:52,11345200,48.223991999999996,16.375122,169.3,9,2.278,1.16
1248,160220,12:34:52,11345200,48.223991999999996,16.375122,169.3,9,2.278,1.16
1249,160220,12:34:52,11345200,48.223991999999996,16.375122,169.3,9,2.278,1.16
1250,160220,12:34:52,11345200,48.223991999999996,16.375122,169.3,9,2.278,1.16
1251,160220,12:34:52,11345200,48.223991999999996,16.375122,169.3,9,2.278,1.16
1252,160220,12:34:52,11345200,48.223991999999996,16.375122,169.3,9,2.278,1.16
1253,160220,12:34:52,11345200,48.223991999999996,16.375122,169.3,9,2.278,1.16
1254,160220,12:34:52,11345200,48.223991999999996,16.375122,169.3,9,2.278,1.16
1255,160220,12:34:52,11345200,48.223991999999996,16.375122,169.3,9,2.278,1.16
1256,160220,12:34:52,11345200,48.223991999999996,16.375122,169.3,9,2.278,1.16
1257,160220,12:34:52,11345200,48.223991999999996,16.375122,169.3,9,2.278,1.16
1258,160220,12:34:52,11345200,48.223991999999996,16.375122,169.3,9,2.278,1.16
1259,160220,12:34:52,11345200,48.223991999999996,16.375122,169.3,9,2.278,1.16
1260,160220,12:37:27,11372700,48.222768,16.376948000000002,169.3,9,6.0931,1.16
1261,160220,12:37:27,11372700,48.222768,16.376948000000002,169.3,9,6.0931,1.16
1262,160220,12:37:27,11372700,48.222768,16.376948000000002,169.3,9,6.0931,1.16
1263,160220,12:37:27,11372700,48.222768,16.376948000000002,169.3,9,6.0931,1.16
1264,160220,12:37:27,11372700,48.222768,16.376948000000002,169.3,9,6.0931,1.16
1265,160220,12:37:27,11372700,48.222768,16.376948000000002,169.3,9,6.0931,1.16
1266,160220,12:37:27,11372700,48.222768,16.376948000000002,169.3,9,6.0931,1.16
1267,160220,12:37:27,11372700,48.222768,16.376948000000002,169.3,9,6.0931,1.16
1268,160220,12:37:27,11372700,48.222768,16.376948000000002,169.3,9,6.0931,1.16
1269,160220,12:37:27,11372700,48.222768,16.376948000000002,169.3,9,6.0931,1.16
1270,160220,12:37:27,11372700,48.222768,16.376948000000002,169.3,9,6.0931,1.16
1271,160220,12:37:27,11372700,48.222768,16.376948000000002,169.3,9,6.0931,1.16
1272,160220,12:37:27,11372700,48.222768,16.376948000000002,169.3,9,6.0931,1.16
1273,160220,12:37:27,11372700,48.222768,16.376948000000002,169.3,9,6.0931,1.16
1274,160220,12:37:27,11372700,48.222768,16.376948000000002,169.3,9,6.0931,1.16
1275,160220,12:37:27,11372700,48.222768,16.376948000000002,169.3,9,6.0931,1.16
1276,160220,12:37:27,11372700,48.222768,16.376948000000002,169.3,9,6.0931,1.16
1277,160220,12:37:27,11372700,48.222768,16.376948000000002,169.3,9,6.0931,1.16
1278,160220,12:37:27,11372700,48.222768,16.376948000000002,169.3,9,6.0931,1.16
1279,160220,12:37:27,11372700,48.222768,16.376948000000002,169.3,9,6.0931,1.16
1280,160220,12:37:27,11372700,48.222768,16.376948000000002,169.3,9,6.0931,1.16
1281,160220,12:37:27,11372700,48.222768,16.376948000000002,169.3,9,6.0931,1.16
1282,160220,12:37:27,11372700,48.222768,16.376948000000002,169.3,9,6.0931,1.16
1283,160220,12:37:27,11372700,48.222768,16.376948000000002,169.3,9,6.0931,1.16
1284,160220,12:37:27,11372700,48.222768,16.376948000000002,169.3,9,6.0931,1.16
1285,160220,12:37:27,11372700,48.222768,16.376948000000002,169.3,9,6.0931,1.16
1286,160220,12:37:27,11372700,48.222768,16.376948000000002,169.3,9,6.0931,1.16
1287,160220,12:37:27,11372700,48.222768,16.376948000000002,169.3,9,6.0931,1.16
1288,160220,12:37:27,11372700,48.222768,16.376948000000002,169.3,9,6.0931,1.16
1289,160220,12:37:27,11372700,48.222768,16.376948000000002,169.3,9,6.0931,1.16
1290,160220,12:37:27,11372700,48.222768,16.376948000000002,169.3,9,6.0931,1.16
1291,160220,12:37:27,11372700,48.222768,16.376948000000002,169.3,9,6.0931,1.16
1292,160220,12:40:40,11404000,48.221243,16.37685,169.3,9,0.0185,1.16
1293,160220,12:40:43,11404300,48.221238,16.376849,165.7,10,3.1854,1.61
1294,160220,12:40:46,11404600,48.22122,16.376815,167.7,10,6.6857,1.22
1295,160220,12:40:49,11404900,48.221169,16.376775,169.1,7,7.5562,1.39
1296,160220,12:40:52,11405200,48.221145,16.376742999999998,170.8,8,5.7042,1.39
1297,160220,12:40:55,11405500,48.22113,16.376721,171.5,9,3.6299,1.39
1298,160220,12:40:58,11405800,48.221107,16.376669,175.8,8,4.4818,1.39
1299,160220,12:41:01,11410100,48.221099,16.376614,176.5,9,4.5744,1.28
1300,160220,12:41:04,11410400,48.221089,16.37659,179.0,9,4.0374,1.28
1301,160220,12:41:07,11410700,48.221061999999996,16.376533,180.5,8,6.5746,1.22
1302,160220,12:41:10,11411000,48.221022,16.376489000000003,182.3,9,6.5561,1.23
1303,160220,12:41:13,11411300,48.220987,16.376448999999997,184.0,9,5.2782,1.23
1304,160220,12:41:16,11411600,48.220966,16.376422,185.1,9,2.9817,1.19
1305,160220,12:41:19,11411900,48.22096,16.3764,187.9,9,1.3705,1.19
1306,160220,12:41:22,11412200,48.220951,16.376371,190.8,9,1.1482,1.19
1307,160220,12:41:25,11412500,48.220928,16.376322000000002,191.9,9,4.9448,1.19
1308,160220,12:41:28,11412800,48.220884000000005,16.376273,193.9,9,5.2412,1.29
1309,160220,12:41:31,11413100,48.220853999999996,16.376229000000002,194.2,8,4.3522,1.3
1310,160220,12:41:34,11413400,48.22083,16.376194,194.8,9,3.5373,1.42
1311,160220,12:41:37,11413700,48.220811,16.376151999999998,196.8,9,4.1855,1.19
1312,160220,12:41:40,11414000,48.220788,16.376104,198.4,9,5.0745,1.29
1313,160220,12:41:43,11414300,48.22076,16.376073,200.4,8,4.5189,1.29
1314,160220,12:41:46,11414600,48.220706,16.376045,201.9,8,4.3522,1.29
1315,160220,12:41:49,11414900,48.220671,16.376022,200.6,8,1.4446,1.29
1316,160220,12:41:52,11415200,48.220681,16.37594,192.6,9,2.4632,1.29
1317,160220,12:41:55,11415500,48.220731,16.375875,192.6,9,6.5561,1.29
1318,160220,12:41:58,11415800,48.220760999999996,16.375811,187.9,9,5.7227,1.19
1319,160220,12:42:01,11420100,48.22079,16.37576,184.6,9,5.2967,1.19
1320,160220,12:42:04,11420400,48.220787,16.37569,178.4,8,4.0559,1.3
1321,160220,12:42:07,11420700,48.220763,16.375601,174.8,9,3.8707,1.3
1322,160220,12:42:10,11421000,48.220788,16.375554,172.8,8,5.8153,1.21
1323,160220,12:42:13,11421300,48.220811,16.375498999999998,172.0,9,5.093,1.2
1324,160220,12:42:16,11421600,48.220842,16.375467999999998,171.5,9,3.4262,1.29
1325,160220,12:42:19,11421900,48.220846,16.375436999999998,171.0,9,1.7224,1.2
1326,160220,12:42:22,11422200,48.220821,16.375403,170.0,9,2.815,1.2
1327,160220,12:42:25,11422500,48.220814000000004,16.375339999999998,171.1,9,3.6484,1.2
1328,160220,12:42:28,11422800,48.22078,16.375262,169.4,9,4.3707,1.2
1329,160220,12:42:31,11423100,48.220762,16.375239,169.0,9,3.3892,1.2
1330,160220,12:42:34,11423400,48.220735,16.375201,167.8,8,4.4633,1.4
1331,160220,12:42:37,11423700,48.220701,16.375173,167.5,8,4.7411,1.29
1332,160220,12:42:40,11424000,48.220690999999995,16.375173,167.2,9,0.2778,1.29
1333,160220,12:42:43,11424300,48.220686,16.375182000000002,166.6,8,0.3889,1.26
